Year,Tm,G,PF,Yds,Ply,Y/P,TO,FL,1stD,PCmp,PAtt,PYds,PTD,PInt,PNY/A,P1stD,RAtt,RYds,RTD,RY/A,R1stD,Pen,Yds,1stPy,Sc%,TO%,
1980,Philadelphia Eagles,16,222,4443,1032,4.3,35,10,270,265,543,2825,16,25,4.8,157,445,1618,8,3.6,87,87,789,26,,,
1980,Tennessee Titans,16,251,4612,932,4.9,39,13,259,246,454,2801,16,26,5.7,147,444,1811,8,4.1,94,101,763,18,,,
1980,Buffalo Bills,16,260,4101,952,4.3,44,20,251,240,433,2282,15,24,4.9,120,486,1819,14,3.7,109,97,805,22,,,
1980,Chicago Bears,16,264,4907,1003,4.9,31,14,285,238,451,2892,20,17,5.8,149,506,2015,10,4,111,129,1109,25,,,
1980,Atlanta Falcons,16,272,5264,1051,5,42,16,298,333,564,3594,24,26,5.9,175,441,1670,8,3.8,100,101,919,23,,,
1980,Detroit Lions,16,272,4533,955,4.7,34,11,265,256,462,2934,14,23,5.8,143,449,1599,9,3.6,100,98,815,22,,,
1980,Los Angeles Rams,16,289,4546,1011,4.5,42,17,281,245,510,2601,23,25,4.6,141,445,1945,13,4.4,112,83,778,28,,,
1980,Washington Redskins,16,293,4695,1020,4.6,45,12,298,187,392,2171,17,33,5,127,585,2524,16,4.3,144,90,766,27,,,
1980,Miami Dolphins,16,305,5224,1062,4.9,45,17,309,290,505,3206,21,28,6,185,530,2018,13,3.8,107,108,923,17,,,
1980,Oakland Raiders,16,306,5038,1079,4.7,52,17,319,296,524,3312,17,35,5.7,181,501,1726,19,3.4,108,102,922,30,,,
1980,Minnesota Vikings,16,308,5856,1060,5.5,38,14,330,283,499,3400,24,24,6.4,170,531,2456,15,4.6,135,111,914,25,,,
1980,Cleveland Browns,16,310,5626,1053,5.3,32,10,340,336,536,3865,23,22,6.8,197,485,1761,12,3.6,105,96,766,38,,,
1980,Dallas Cowboys,16,311,5279,996,5.3,47,20,286,231,484,3210,21,27,6.1,160,469,2069,15,4.4,98,106,989,28,,,
1980,Cincinnati Bengals,16,312,4804,995,4.8,42,22,286,284,491,3124,22,20,5.9,154,469,1680,13,3.6,111,106,809,21,,,
1980,Pittsburgh Steelers,16,313,5134,1036,5,40,14,302,280,532,3372,25,26,6.1,171,486,1762,9,3.6,101,93,806,30,,,
1980,Denver Broncos,16,323,5245,1041,5,28,12,303,270,448,3125,20,16,6.4,158,554,2120,10,3.8,125,101,850,20,,,
1980,New England Patriots,16,325,4762,984,4.8,34,10,270,266,458,2886,28,24,5.7,141,482,1876,12,3.9,118,92,833,11,,,
1980,Los Angeles Chargers,16,327,4691,1057,4.4,38,18,284,300,519,2849,18,20,4.9,156,478,1842,18,3.9,101,104,880,27,,,
1980,Kansas City Chiefs,16,336,5315,1096,4.8,43,15,328,278,523,3109,25,28,5.6,179,536,2206,17,4.1,136,82,617,13,,,
1980,Tampa Bay Buccaneers,16,341,5405,1088,5,28,13,313,328,516,3304,17,15,6.1,168,548,2101,20,3.8,126,117,1077,19,,,
1980,Arizona Cardinals,16,350,5384,1116,4.8,34,14,311,287,531,3325,23,20,5.8,176,547,2059,17,3.8,115,101,919,20,,,
1980,Green Bay Packers,16,371,5782,1059,5.5,27,14,316,259,460,3383,19,13,6.8,166,565,2399,19,4.2,136,109,872,14,,,
1980,Indianapolis Colts,16,387,5546,1080,5.1,34,17,338,260,476,3336,21,17,6.6,164,574,2210,20,3.9,140,98,775,34,,,
1980,New York Jets,16,395,5615,1080,5.2,32,9,348,337,544,3664,27,23,6.4,198,508,1951,20,3.8,127,90,872,23,,,
1980,Seattle Seahawks,16,408,5177,1038,5,34,11,301,267,462,3110,28,23,6.4,147,550,2067,17,3.8,129,103,876,25,,,
1980,San Francisco 49ers,16,415,5969,1082,5.5,34,17,341,327,495,3751,29,17,7.1,185,556,2218,20,4,137,92,826,19,,,
1980,New York Giants,16,425,5752,1060,5.4,41,23,336,255,448,3245,22,18,6.8,160,584,2507,31,4.3,156,108,862,20,,,
1980,New Orleans Saints,16,487,6218,1102,5.6,24,12,360,255,445,3112,31,12,6.6,155,630,3106,28,4.9,178,79,690,27,,,
1981,Philadelphia Eagles,16,221,4447,1023,4.3,47,21,266,248,507,2696,12,26,4.9,137,476,1751,11,3.7,102,91,813,27,,,
1981,San Francisco 49ers,16,250,4763,1014,4.7,48,21,280,273,514,2845,16,27,5.2,144,464,1918,10,4.1,113,108,866,23,,,
1981,New York Giants,16,257,4825,1141,4.2,34,17,291,294,544,2934,14,17,5,156,553,1891,10,3.4,106,111,876,29,,,
1981,Tampa Bay Buccaneers,16,268,5312,1115,4.8,46,14,320,317,541,3140,10,32,5.6,174,551,2172,16,3.9,123,79,650,23,,,
1981,Miami Dolphins,16,275,5363,1039,5.2,33,15,296,297,509,3331,23,18,6.1,160,492,2032,10,4.1,124,104,886,12,,,
1981,Buffalo Bills,16,276,4945,1037,4.8,36,17,298,267,474,2870,21,19,5.5,154,516,2075,7,4,113,93,690,31,,,
1981,Dallas Cowboys,16,277,5419,1021,5.3,53,16,286,236,511,3370,17,37,6.1,162,468,2049,16,4.4,106,104,837,18,,,
1981,New York Jets,16,287,4871,1036,4.7,36,15,291,275,505,3004,15,21,5.3,155,465,1867,19,4,112,106,935,24,,,
1981,Denver Broncos,16,289,4878,1000,4.9,46,23,268,267,497,2873,13,23,5.4,142,467,2005,17,4.3,103,104,949,23,,,
1981,Kansas City Chiefs,16,290,5373,1101,4.9,47,21,316,291,567,3626,16,26,6.1,177,507,1747,17,3.4,112,89,740,27,,,
1981,Pittsburgh Steelers,16,297,5652,1084,5.2,46,16,323,302,544,3783,22,30,6.5,181,500,1869,10,3.7,114,112,960,28,,,
1981,Cincinnati Bengals,16,304,5289,1055,5,37,18,324,316,548,3408,24,19,5.8,167,465,1881,12,4,126,104,787,31,,,
1981,Detroit Lions,16,322,4846,991,4.9,39,15,279,261,475,3223,22,24,6.2,158,469,1623,14,3.5,93,95,872,28,,,
1981,Chicago Bears,16,324,5394,1077,5,40,22,290,233,525,3248,23,18,5.8,144,521,2146,13,4.1,120,119,961,26,,,
1981,Oakland Raiders,16,343,5473,1113,4.9,32,19,316,289,537,3641,24,13,6.2,178,524,1832,15,3.5,104,102,826,34,,,
1981,Washington Redskins,16,349,5206,1016,5.1,39,15,310,214,452,3045,21,24,6.3,152,532,2161,17,4.1,133,108,921,25,,,
1981,Los Angeles Rams,16,351,5124,1067,4.8,33,16,285,204,439,2727,17,17,5.7,128,585,2397,19,4.1,125,118,1018,32,,,
1981,Tennessee Titans,16,355,5726,1084,5.3,31,13,325,295,502,3315,22,18,6.2,162,549,2411,16,4.4,138,102,838,25,,,
1981,Atlanta Falcons,16,355,5354,1053,5.1,46,21,303,322,565,3688,30,25,6.2,172,459,1666,10,3.6,94,97,804,37,,,
1981,Green Bay Packers,16,361,5185,1087,4.8,54,24,326,284,505,3087,18,30,5.7,168,546,2098,21,3.8,140,108,907,18,,,
1981,Minnesota Vikings,16,369,5373,1054,5.1,35,19,299,265,481,3328,26,16,6.5,163,540,2045,15,3.8,117,115,991,19,,,
1981,New England Patriots,16,370,5827,1103,5.3,33,17,328,243,439,2877,18,16,6.3,148,644,2950,20,4.6,160,83,763,20,,,
1981,Cleveland Browns,16,375,5367,1014,5.3,35,20,299,275,469,3289,28,15,6.6,157,516,2078,14,4,119,100,870,23,,,
1981,New Orleans Saints,16,378,5253,1002,5.2,34,17,303,287,471,3337,26,17,6.7,161,504,1916,17,3.8,127,118,1089,15,,,
1981,Seattle Seahawks,16,388,5940,1126,5.3,48,27,371,294,502,3134,25,21,5.8,173,588,2806,20,4.8,175,104,944,23,,,
1981,Los Angeles Chargers,16,390,6136,1109,5.5,41,18,365,313,571,4311,22,23,7,216,491,1825,25,3.7,114,108,877,35,,,
1981,Arizona Cardinals,16,408,5723,1036,5.5,38,17,328,282,495,3295,29,21,6.3,171,509,2428,20,4.8,134,98,845,23,,,
1981,Indianapolis Colts,16,533,6793,1111,6.1,30,14,406,301,491,4128,37,16,8.2,214,607,2665,30,4.4,162,101,776,30,,,
1982,Washington Redskins,9,128,2560,554,4.6,24,13,151,146,275,1614,8,11,5.3,93,247,946,8,3.8,47,52,419,11,,,
1982,Miami Dolphins,9,131,2312,548,4.2,27,8,147,119,226,1027,7,19,4,65,293,1285,7,4.4,77,57,461,5,,,
1982,Dallas Cowboys,9,145,2753,581,4.7,25,10,162,152,289,1742,10,15,5.4,95,260,1011,5,3.9,56,52,431,11,,,
1982,Pittsburgh Steelers,9,146,2874,599,4.8,25,8,174,176,329,2112,12,17,5.8,111,236,762,5,3.2,49,45,355,14,,,
1982,Seattle Seahawks,9,147,2794,600,4.7,22,9,167,138,246,1333,4,13,5.1,68,337,1461,12,4.3,86,44,406,13,,,
1982,Buffalo Bills,9,154,2334,536,4.4,21,8,151,114,256,1300,8,13,4.9,72,268,1034,6,3.9,64,49,395,15,,,
1982,New England Patriots,9,157,2808,602,4.7,23,11,185,142,267,1519,9,12,5.3,88,315,1289,9,4.1,87,39,290,10,,,
1982,New York Giants,9,160,2684,576,4.7,18,6,149,148,244,1566,10,12,5.7,85,301,1118,7,3.7,55,54,417,9,,,
1982,New Orleans Saints,9,160,2607,531,4.9,22,13,151,149,245,1633,11,9,5.9,81,255,974,8,3.8,58,52,459,12,,,
1982,New York Jets,9,166,2629,587,4.5,26,9,160,159,298,1646,10,17,5.2,88,269,983,5,3.7,54,43,345,18,,,
1982,Green Bay Packers,9,169,2707,622,4.4,23,11,164,177,327,1775,9,12,5.1,96,275,932,9,3.4,58,72,629,10,,,
1982,Arizona Cardinals,9,170,2848,570,5,15,9,163,174,291,1853,16,6,5.9,98,256,995,5,3.9,58,54,420,7,,,
1982,Chicago Bears,9,174,2851,585,4.9,20,7,166,164,294,1949,14,13,6,102,261,902,4,3.5,53,52,451,11,,,
1982,Detroit Lions,9,176,2722,591,4.6,26,8,162,155,288,1868,11,18,5.8,96,271,854,6,3.2,54,74,605,12,,,
1982,Cincinnati Bengals,9,177,2893,551,5.3,20,6,170,187,306,2043,12,14,6.2,102,223,850,8,3.8,61,64,551,7,,,
1982,Tampa Bay Buccaneers,9,178,2442,564,4.3,21,10,160,145,254,1384,10,11,5,76,285,1058,9,3.7,72,38,325,12,,,
1982,Cleveland Browns,9,182,3114,594,5.2,28,11,189,144,266,1822,9,17,6.3,94,306,1292,13,4.2,82,57,436,13,,,
1982,Kansas City Chiefs,9,184,2732,557,4.9,22,10,170,155,262,1667,12,12,6,92,280,1065,7,3.8,69,60,486,9,,,
1982,Philadelphia Eagles,9,195,2938,614,4.8,27,12,177,168,285,1907,14,15,6.1,100,299,1031,5,3.4,68,45,341,9,,,
1982,Minnesota Vikings,9,198,2895,582,5,21,9,159,157,292,1875,11,12,5.8,87,260,1020,8,3.9,53,48,399,19,,,
1982,Atlanta Falcons,9,199,2848,551,5.2,25,15,170,157,280,1804,12,10,6.1,84,253,1044,13,4.1,66,60,549,20,,,
1982,Los Angeles Raiders,9,200,3066,647,4.7,29,11,206,193,375,2288,11,18,5.5,121,234,778,12,3.3,53,53,588,32,,,
1982,San Francisco 49ers,9,206,3035,596,5.1,13,4,170,158,278,1836,14,9,6.3,88,303,1199,9,4,71,58,542,11,,,
1982,Los Angeles Chargers,9,221,3253,591,5.5,25,12,196,233,342,2292,10,13,6.3,119,230,961,10,4.2,65,70,612,12,,,
1982,Denver Broncos,9,226,3169,616,5.1,19,7,176,172,307,2234,14,12,6.9,104,293,935,8,3.2,53,63,571,19,,,
1982,Indianapolis Colts,9,236,3296,605,5.4,11,6,197,138,246,1823,18,5,7.1,89,348,1473,10,4.2,87,59,466,21,,,
1982,Tennessee Titans,9,245,3438,613,5.6,17,14,187,179,284,2213,18,3,7,106,298,1225,10,4.1,67,59,454,14,,,
1982,Los Angeles Rams,9,250,3333,606,5.5,18,7,193,175,281,2131,16,11,7.1,107,307,1202,13,3.9,75,64,531,11,,,
1983,Miami Dolphins,16,250,5039,989,5.1,43,17,288,277,480,3002,19,26,5.7,147,460,2037,11,4.4,122,95,837,19,,,
1983,Detroit Lions,16,286,5216,1061,4.9,37,15,324,297,515,3112,21,22,5.6,161,503,2104,11,4.2,133,117,1062,30,,,
1983,New England Patriots,16,289,5576,1102,5.1,36,19,326,277,514,3295,19,17,6,172,549,2281,9,4.2,129,84,674,25,,,
1983,San Francisco 49ers,16,293,5189,1032,5,42,18,302,322,526,3253,23,24,5.6,181,449,1936,10,4.3,98,91,793,23,,,
1983,Chicago Bears,16,301,5132,1023,5,38,17,286,249,490,3132,15,21,5.8,154,482,2000,20,4.1,113,86,687,19,,,
1983,Cincinnati Bengals,16,302,4327,973,4.4,39,16,276,288,502,2828,17,23,5.2,156,430,1499,16,3.5,96,100,871,24,,,
1983,Pittsburgh Steelers,16,303,4732,1006,4.7,45,17,278,238,447,2899,19,28,5.8,151,509,1833,14,3.6,100,96,782,27,,,
1983,Philadelphia Eagles,16,322,5447,1099,5,23,15,310,247,430,2792,20,8,6,149,633,2655,14,4.2,144,94,755,17,,,
1983,Denver Broncos,16,327,5609,1099,5.1,47,20,321,307,552,3671,18,27,6.2,185,509,1938,14,3.8,119,138,1097,17,,,
1983,New York Jets,16,331,5301,1058,5,36,14,298,269,463,2923,22,22,5.7,151,547,2378,13,4.3,126,96,784,21,,,
1983,Washington Redskins,16,332,5264,970,5.4,61,27,290,301,570,3975,28,34,6.4,196,349,1289,9,3.7,76,80,710,18,,,
1983,New Orleans Saints,16,337,4691,1024,4.6,39,16,289,271,496,2691,20,23,4.9,159,472,2000,11,4.2,108,96,814,22,,,
1983,Los Angeles Raiders,16,338,4748,1024,4.6,36,16,285,282,531,3162,20,20,5.4,170,436,1586,13,3.6,86,109,947,29,,,
1983,Cleveland Browns,16,342,5142,1029,5,32,10,309,280,469,3077,22,22,6.1,155,528,2065,15,3.9,138,105,940,16,,,
1983,Los Angeles Rams,16,344,5392,1078,5,44,20,311,319,556,3611,18,24,6.1,179,489,1781,21,3.6,118,89,804,14,,,
1983,New York Giants,16,347,4994,1039,4.8,36,13,289,283,493,3261,26,23,6.1,167,502,1733,10,3.5,98,114,927,24,,,
1983,Minnesota Vikings,16,348,5487,1104,5,48,23,318,263,478,2903,23,25,5.5,150,579,2584,16,4.5,147,92,759,21,,,
1983,Buffalo Bills,16,351,5809,1078,5.4,31,18,332,286,480,3306,22,13,6.5,148,566,2503,14,4.4,148,128,1298,36,,,
1983,Indianapolis Colts,16,354,5640,1045,5.4,36,16,321,281,488,3522,31,20,6.7,166,516,2118,13,4.1,123,82,666,32,,,
1983,Dallas Cowboys,16,360,5427,1025,5.3,48,21,286,299,558,3928,27,27,6.4,181,410,1499,12,3.7,82,100,873,23,,,
1983,Kansas City Chiefs,16,367,5386,1089,4.9,51,21,319,261,500,3111,21,30,5.8,158,554,2275,18,4.1,136,105,837,25,,,
1983,Tampa Bay Buccaneers,16,380,5397,1093,4.9,41,18,320,300,490,3315,15,23,6.2,172,561,2082,19,3.7,124,105,799,24,,,
1983,Atlanta Falcons,16,389,5826,1023,5.7,30,15,342,313,493,3517,28,15,6.7,187,499,2309,20,4.6,139,81,710,16,,,
1983,Seattle Seahawks,16,397,6029,1075,5.6,54,28,351,311,521,3831,33,26,6.8,195,511,2198,14,4.3,128,91,725,28,,,
1983,Arizona Cardinals,16,428,5005,1021,4.9,48,20,286,290,519,3167,24,28,5.5,161,443,1838,23,4.1,107,102,819,18,,,
1983,Green Bay Packers,16,439,6403,1156,5.5,31,12,366,300,518,3762,20,19,6.7,187,597,2641,28,4.4,171,110,965,8,,,
1983,Tennessee Titans,16,460,5632,1031,5.5,29,15,332,252,424,2845,26,14,6.3,150,576,2787,23,4.8,161,104,825,21,,,
1983,Los Angeles Chargers,16,462,5955,1127,5.3,33,17,347,330,544,3782,28,16,6.6,187,552,2173,26,3.9,137,111,953,23,,,
1984,San Francisco 49ers,16,227,5176,1029,5,38,13,302,298,546,3381,14,25,5.7,173,432,1795,10,4.2,101,91,723,28,,,
1984,Denver Broncos,16,241,5687,1123,5.1,55,24,311,346,631,4023,16,31,5.8,206,435,1664,10,3.8,90,104,891,15,,,
1984,Chicago Bears,16,248,3863,885,4.4,34,13,216,198,435,2486,14,21,4.9,122,378,1377,10,3.6,72,86,698,22,,,
1984,Los Angeles Raiders,16,278,4644,1089,4.3,34,14,297,254,508,2752,19,20,4.8,147,517,1892,12,3.7,107,121,1061,43,,,
1984,Seattle Seahawks,16,282,4963,1051,4.7,63,25,288,265,521,3174,18,38,5.5,160,475,1789,11,3.8,99,114,883,29,,,
1984,Cleveland Browns,16,297,4641,995,4.7,35,15,270,261,458,2696,15,20,5.4,145,494,1945,10,3.9,103,108,765,22,,,
1984,Miami Dolphins,16,298,5420,1051,5.2,36,12,314,310,551,3265,22,24,5.5,172,458,2155,16,4.7,130,93,772,12,,,
1984,New York Giants,16,301,5193,1051,4.9,35,16,296,288,529,3375,20,19,5.8,174,474,1818,10,3.8,107,93,699,15,,,
1984,Dallas Cowboys,16,308,5036,1094,4.6,44,16,283,250,527,2810,23,28,4.8,155,510,2226,8,4.4,106,95,868,22,,,
1984,Green Bay Packers,16,309,5291,1140,4.6,42,15,323,315,551,3146,16,27,5.3,166,545,2145,14,3.9,136,145,1129,21,,,
1984,Pittsburgh Steelers,16,310,4916,1016,4.8,42,11,282,299,515,3299,19,31,5.9,167,454,1617,12,3.6,87,107,945,28,,,
1984,Washington Redskins,16,310,5361,1031,5.2,43,22,307,318,575,3772,25,21,5.9,194,390,1589,13,4.1,91,84,803,22,,,
1984,Los Angeles Rams,16,316,5266,1058,5,39,22,309,346,566,3666,18,17,6,179,449,1600,15,3.6,108,115,871,22,,,
1984,Philadelphia Eagles,16,320,5239,1108,4.7,31,11,307,262,492,3050,22,20,5.5,171,556,2189,12,3.9,123,96,904,13,,,
1984,Kansas City Chiefs,16,324,5625,1159,4.9,41,11,335,332,586,3645,19,30,5.7,192,523,1980,10,3.8,121,108,951,22,,,
1984,Cincinnati Bengals,16,339,5259,1034,5.1,40,15,322,302,517,3391,15,25,6.1,191,477,1868,21,3.9,115,90,743,16,,,
1984,Arizona Cardinals,16,345,5094,991,5.1,33,12,292,251,494,3171,26,21,5.8,157,442,1923,11,4.4,108,75,578,27,,,
1984,New England Patriots,16,352,5100,1066,4.8,25,8,311,283,513,3214,25,17,5.7,182,498,1886,11,3.8,109,87,773,20,,,
1984,New Orleans Saints,16,361,4914,1026,4.8,23,10,298,239,422,2453,23,13,5.1,142,549,2461,13,4.5,134,119,1025,22,,,
1984,New York Jets,16,364,5566,1052,5.3,33,18,341,312,511,3502,24,15,6.3,198,497,2064,16,4.2,117,87,723,26,,,
1984,Tampa Bay Buccaneers,16,380,5474,1033,5.3,32,14,311,286,490,3241,20,18,6.2,157,511,2233,27,4.4,139,136,1078,15,,,
1984,Atlanta Falcons,16,382,5279,1019,5.2,32,20,317,262,443,3126,27,12,6.5,162,538,2153,16,4,131,93,820,24,,,
1984,Detroit Lions,16,408,5319,1022,5.2,25,11,328,288,466,3511,27,14,7,177,519,1808,17,3.5,120,107,978,31,,,
1984,Los Angeles Chargers,16,413,5936,1021,5.8,36,17,322,323,531,4085,27,19,7.2,189,457,1851,23,4.1,109,108,905,24,,,
1984,Indianapolis Colts,16,414,5577,1116,5,31,13,343,298,515,3570,31,18,6.4,194,559,2007,16,3.6,124,98,813,25,,,
1984,Tennessee Titans,16,437,5968,1075,5.6,24,11,345,271,447,3179,23,13,6.6,168,596,2789,27,4.7,158,105,876,19,,,
1984,Buffalo Bills,16,454,5582,1052,5.3,37,21,345,300,495,3476,32,16,6.7,186,531,2106,19,4,134,87,734,25,,,
1984,Minnesota Vikings,16,484,6352,1062,6,29,18,342,319,490,3779,35,11,7.3,182,547,2573,20,4.7,144,113,1047,16,,,
1985,Chicago Bears,16,198,4135,945,4.4,54,20,236,249,522,2816,16,34,4.8,141,359,1319,6,3.7,74,118,944,21,,,
1985,San Francisco 49ers,16,263,5191,1116,4.7,35,17,293,346,621,3508,11,18,5.2,183,435,1683,10,3.9,89,106,778,21,,,
1985,New York Jets,16,264,4772,989,4.8,42,20,276,267,507,3256,17,22,5.9,154,433,1516,10,3.5,85,113,868,37,,,
1985,Los Angeles Rams,16,277,4648,1048,4.4,46,17,281,296,548,3062,19,29,5.1,155,444,1586,9,3.6,104,72,529,22,,,
1985,New York Giants,16,283,4320,1022,4.2,37,13,258,278,535,2838,20,24,4.7,163,419,1482,9,3.5,77,106,821,18,,,
1985,New England Patriots,16,290,4714,1042,4.5,47,24,284,262,525,3059,14,23,5.3,168,466,1655,15,3.6,92,83,699,24,,,
1985,Cleveland Browns,16,294,4958,1050,4.7,27,9,297,289,509,3107,18,18,5.6,172,497,1851,14,3.7,106,102,773,19,,,
1985,Seattle Seahawks,16,303,5160,1030,5,44,20,290,273,496,3323,22,24,6,179,473,1837,12,3.9,90,106,840,21,,,
1985,Los Angeles Raiders,16,308,4603,1037,4.4,30,13,273,251,511,2998,22,17,5.2,166,461,1605,7,3.5,73,109,856,34,,,
1985,Philadelphia Eagles,16,310,5135,1057,4.9,32,14,307,251,478,2930,18,18,5.5,160,526,2205,17,4.2,122,99,834,25,,,
1985,Washington Redskins,16,312,4480,941,4.8,34,11,244,239,465,2746,19,23,5.3,134,424,1734,11,4.1,94,89,699,16,,,
1985,Miami Dolphins,16,320,5767,1034,5.6,41,18,314,257,487,3511,21,23,6.7,160,509,2256,15,4.4,135,112,854,19,,,
1985,Denver Broncos,16,329,5179,1069,4.8,36,12,290,277,547,3206,22,24,5.4,168,475,1973,10,4.2,103,91,953,19,,,
1985,Dallas Cowboys,16,333,5608,1076,5.2,48,15,312,279,549,3755,20,33,6.1,193,465,1853,18,4,98,108,990,21,,,
1985,Green Bay Packers,16,355,5173,1051,4.9,40,25,310,295,509,3126,22,15,5.6,178,494,2047,17,4.1,111,102,797,21,,,
1985,Pittsburgh Steelers,16,355,4659,990,4.7,34,14,273,287,484,2783,18,20,5.4,144,470,1876,19,4,105,89,679,24,,,
1985,Minnesota Vikings,16,359,5464,1065,5.1,44,22,324,280,490,3241,20,22,6.2,163,542,2223,16,4.1,139,123,1000,22,,,
1985,Kansas City Chiefs,16,360,5658,1126,5,41,14,336,332,576,3489,22,27,5.7,184,513,2169,18,4.2,129,89,777,23,,,
1985,Detroit Lions,16,366,5591,1083,5.2,36,18,359,283,478,2906,16,18,5.6,156,560,2685,19,4.8,179,105,729,24,,,
1985,Buffalo Bills,16,381,5540,1071,5.2,35,15,320,265,477,3078,24,20,6.1,159,569,2462,20,4.3,142,107,870,19,,,
1985,Indianapolis Colts,16,386,5599,1079,5.2,33,17,330,275,504,3454,24,16,6.4,192,539,2145,20,4,124,90,699,14,,,
1985,New Orleans Saints,16,401,5815,1083,5.4,37,16,335,306,529,3653,26,21,6.4,188,508,2162,19,4.3,125,108,837,22,,,
1985,Tennessee Titans,16,412,6155,1091,5.6,35,20,356,260,462,3341,29,15,6.6,158,588,2814,21,4.8,150,121,908,48,,,
1985,Arizona Cardinals,16,414,5381,1045,5.1,27,14,314,253,461,3003,34,13,6.1,169,552,2378,11,4.3,115,88,742,30,,,
1985,Los Angeles Chargers,16,435,6265,1105,5.7,42,16,364,357,595,4293,28,26,6.8,218,470,1972,25,4.2,122,86,703,24,,,
1985,Cincinnati Bengals,16,437,5663,1019,5.6,38,19,337,297,518,3664,26,19,6.6,194,461,1999,23,4.3,118,84,731,25,,,
1985,Tampa Bay Buccaneers,16,448,6108,1087,5.6,40,22,351,318,505,3678,18,18,6.8,185,547,2430,28,4.4,146,114,945,20,,,
1985,Atlanta Falcons,16,452,5850,1014,5.8,34,12,329,289,535,3798,32,22,6.6,181,437,2052,24,4.7,112,97,738,36,,,
1986,Chicago Bears,16,187,4130,1002,4.1,47,16,241,243,513,2667,12,31,4.6,151,427,1463,4,3.4,67,111,866,23,,,
1986,New York Giants,16,236,4757,996,4.8,43,19,284,334,587,3473,15,24,5.4,177,350,1284,10,3.7,78,119,988,29,,,
1986,San Francisco 49ers,16,247,4880,1061,4.6,49,10,285,324,604,3325,18,39,5.1,169,406,1555,8,3.8,97,89,653,19,,,
1986,Los Angeles Rams,16,267,4871,1038,4.7,43,15,272,313,539,3190,17,28,5.5,169,460,1681,9,3.7,93,92,804,10,,,
1986,Minnesota Vikings,16,273,5012,1013,4.9,42,18,286,276,494,3216,16,24,6,155,481,1796,10,3.7,106,99,806,25,,,
1986,Atlanta Falcons,16,280,4908,964,5.1,36,14,268,241,453,2992,19,22,6.2,139,485,1916,10,4,111,106,834,18,,,
1986,New Orleans Saints,16,287,5102,1109,4.6,43,17,331,331,576,3543,21,26,5.7,197,486,1559,11,3.2,104,104,791,30,,,
1986,Seattle Seahawks,16,293,5341,1053,5.1,36,14,310,301,535,3582,20,22,6.2,192,471,1759,12,3.7,93,81,652,25,,,
1986,Washington Redskins,16,296,5297,1046,5.1,28,9,316,302,532,3492,21,19,5.9,181,459,1805,14,3.9,103,115,1026,32,,,
1986,New England Patriots,16,307,5181,1031,5,40,19,286,255,473,2978,15,21,5.7,153,510,2203,19,4.3,118,106,866,15,,,
1986,Cleveland Browns,16,310,5269,1047,5,37,19,302,291,518,3288,21,18,5.9,171,494,1981,12,4,113,101,754,18,,,
1986,Philadelphia Eagles,16,312,5224,1043,5,36,13,278,260,532,3235,21,23,5.5,156,458,1989,14,4.3,97,115,884,25,,,
1986,Kansas City Chiefs,16,326,4934,1098,4.5,49,18,310,303,569,3195,21,31,5.2,173,485,1739,13,3.6,111,114,965,26,,,
1986,Detroit Lions,16,326,5149,1028,5,41,19,298,279,468,2800,14,22,5.5,148,519,2349,15,4.5,134,99,781,16,,,
1986,Denver Broncos,16,327,4947,1026,4.8,35,17,291,301,545,3296,21,18,5.5,177,432,1651,13,3.8,93,127,1034,21,,,
1986,Tennessee Titans,16,329,5034,1054,4.8,32,16,285,228,490,2999,25,16,5.7,137,532,2035,13,3.8,102,85,674,46,,,
1986,Pittsburgh Steelers,16,336,5252,1050,5,33,13,303,311,536,3380,22,20,5.8,176,471,1872,10,4,97,109,904,30,,,
1986,Dallas Cowboys,16,337,4985,1017,4.9,35,18,286,226,464,2785,21,17,5.4,148,500,2200,17,4.4,118,91,822,20,,,
1986,Los Angeles Raiders,16,346,4804,1003,4.8,38,12,283,271,501,3076,21,26,5.5,168,439,1728,19,3.9,85,118,868,30,,,
1986,Buffalo Bills,16,348,5523,1071,5.2,18,8,334,343,570,3802,21,10,6.3,204,465,1721,18,3.7,100,128,1098,30,,,
1986,Arizona Cardinals,16,351,4864,1037,4.7,22,12,304,215,436,2637,21,10,5.5,149,560,2227,17,4,125,86,682,30,,,
1986,New York Jets,16,386,6050,1081,5.6,38,18,349,348,603,4389,35,20,7,216,450,1661,12,3.7,92,102,795,41,,,
1986,Cincinnati Bengals,16,394,5274,1051,5,28,11,336,278,495,3152,17,17,5.9,171,514,2122,23,4.1,134,93,840,31,,,
1986,Los Angeles Chargers,16,396,5366,1046,5.1,37,22,308,288,509,3688,27,15,6.5,182,475,1678,14,3.5,104,108,918,22,,,
1986,Indianapolis Colts,16,400,5701,1051,5.4,35,19,334,306,510,3739,28,16,7,185,517,1962,14,3.8,123,100,728,26,,,
1986,Miami Dolphins,16,405,6050,1058,5.7,27,14,337,290,485,3557,22,13,6.9,177,540,2493,23,4.6,144,82,596,16,,,
1986,Green Bay Packers,16,418,5015,1041,4.8,32,12,313,267,448,2920,31,20,6.1,151,565,2095,16,3.7,135,79,657,27,,,
1986,Tampa Bay Buccaneers,16,473,6333,1061,6,32,19,362,289,484,3685,23,13,7.3,177,558,2648,31,4.7,162,116,941,23,,,
1987,Indianapolis Colts,15,238,4550,1003,4.5,45,25,276,250,501,2760,19,20,5.1,161,463,1790,6,3.9,97,85,689,18,,,
1987,Cleveland Browns,15,239,4264,902,4.7,36,13,251,246,467,2831,15,23,5.7,134,401,1433,7,3.6,86,120,1008,31,,,
1987,San Francisco 49ers,15,253,4095,933,4.4,38,13,250,224,467,2484,13,25,4.9,132,429,1611,8,3.8,95,80,660,23,,,
1987,Chicago Bears,15,282,4215,989,4.3,24,11,261,255,507,2802,24,13,4.9,158,412,1413,5,3.4,77,120,1108,26,,,
1987,New Orleans Saints,15,283,4350,924,4.7,48,18,270,246,489,2800,25,30,5.2,155,388,1550,6,4,81,84,685,34,,,
1987,Washington Redskins,15,285,5022,1021,4.9,34,11,296,276,527,3343,19,23,5.8,177,441,1679,10,3.8,104,97,801,15,,,
1987,Denver Broncos,15,288,4813,941,5.1,47,19,277,261,456,2796,15,28,5.7,148,454,2017,16,4.4,103,96,785,26,,,
1987,Los Angeles Raiders,15,289,4364,938,4.7,28,15,267,224,425,2727,18,13,5.8,135,469,1637,12,3.5,98,95,652,34,,,
1987,New England Patriots,15,293,4877,1053,4.6,42,21,293,273,520,3099,17,21,5.5,159,490,1778,13,3.6,112,110,846,22,,,
1987,Pittsburgh Steelers,15,299,4920,962,5.1,44,17,289,290,481,3310,22,27,6.5,170,455,1610,8,3.5,94,95,771,25,,,
1987,Green Bay Packers,15,300,4923,1024,4.8,42,24,296,279,469,3003,14,18,6,152,521,1920,15,3.7,118,104,852,26,,,
1987,Buffalo Bills,15,305,4906,1022,4.8,31,14,297,249,447,2854,25,17,5.9,162,541,2052,11,3.8,114,103,840,21,,,
1987,New York Giants,15,312,4658,1056,4.4,34,14,275,292,508,2890,17,20,5.1,148,493,1768,14,3.6,97,97,802,30,,,
1987,Seattle Seahawks,15,314,5159,954,5.4,38,21,297,255,445,2958,20,17,6.1,148,472,2201,14,4.7,133,104,890,16,,,
1987,Los Angeles Chargers,15,317,4953,1008,4.9,28,15,280,227,441,2782,19,13,5.7,136,522,2171,14,4.2,120,107,869,24,,,
1987,Minnesota Vikings,15,335,4824,979,4.9,37,11,281,278,498,3100,24,26,5.8,159,440,1724,9,3.9,95,107,964,27,,,
1987,Miami Dolphins,15,335,5445,1013,5.4,32,16,314,295,494,3247,21,16,6.3,176,498,2198,18,4.4,115,103,850,23,,,
1987,Dallas Cowboys,15,348,5061,1012,5,43,20,294,269,502,3444,21,23,6.2,175,459,1617,19,3.5,85,100,851,34,,,
1987,Tennessee Titans,15,349,4993,976,5.1,37,14,287,266,495,3145,25,23,5.9,153,446,1848,10,4.1,98,101,874,36,,,
1987,Tampa Bay Buccaneers,15,360,4987,996,5,36,20,314,271,457,2949,23,16,5.9,163,500,2038,18,4.1,124,125,926,27,,,
1987,New York Jets,15,360,5041,993,5.1,29,11,300,260,488,3206,27,18,6.2,153,476,1835,15,3.9,117,96,881,30,,,
1987,Los Angeles Rams,15,361,5121,961,5.3,27,11,279,281,504,3389,31,16,6.3,162,419,1732,8,4.1,95,100,888,22,,,
1987,Arizona Cardinals,15,368,5384,1023,5.3,33,19,306,276,490,3383,30,14,6.4,168,492,2001,16,4.1,116,88,718,22,,,
1987,Cincinnati Bengals,15,370,4697,937,5,26,12,286,267,456,3056,24,14,6.2,169,441,1641,15,3.7,99,79,669,18,,,
1987,Philadelphia Eagles,15,380,5249,1046,5,48,27,301,305,561,3606,29,21,5.8,186,428,1643,16,3.8,85,105,830,30,,,
1987,Detroit Lions,15,384,5273,1005,5.2,32,13,314,259,459,3203,23,19,6.4,162,504,2070,18,4.1,122,115,907,30,,,
1987,Kansas City Chiefs,15,388,5639,1045,5.4,28,17,344,279,484,3306,25,11,6.5,172,535,2333,16,4.4,139,112,936,33,,,
1987,Atlanta Falcons,15,436,5907,1070,5.5,27,12,354,243,453,3173,26,15,6.8,164,600,2734,24,4.6,162,92,729,28,,,
1988,Chicago Bears,16,215,4360,977,4.5,35,9,264,245,545,3034,18,26,5.2,158,389,1326,5,3.4,76,102,804,30,,,
1988,Minnesota Vikings,16,233,4091,952,4.3,53,17,243,219,480,2489,12,36,4.8,132,435,1602,10,3.7,85,91,753,26,,,
1988,Buffalo Bills,16,237,4578,971,4.7,32,17,299,250,448,2724,14,15,5.5,146,477,1854,14,3.9,114,90,713,39,,,
1988,New Orleans Saints,16,283,5106,978,5.2,32,15,286,277,505,3327,19,17,6.2,167,442,1779,7,4,97,77,628,22,,,
1988,New England Patriots,16,284,4681,961,4.9,35,15,272,234,436,2582,13,20,5.6,138,496,2099,20,4.2,119,108,858,15,,,
1988,Cleveland Browns,16,288,4767,1009,4.7,31,11,301,245,474,2847,13,20,5.6,162,498,1920,13,3.9,114,100,789,25,,,
1988,Los Angeles Rams,16,293,4986,1041,4.8,37,15,289,307,571,3300,17,22,5.3,166,414,1686,12,4.1,100,111,937,23,,,
1988,San Francisco 49ers,16,294,4575,1013,4.5,38,16,277,292,530,2987,25,22,5.2,160,441,1588,8,3.6,90,76,603,27,,,
1988,New York Giants,16,304,5086,1072,4.7,33,18,291,294,566,3327,23,15,5.4,177,454,1759,8,3.9,95,116,902,19,,,
1988,Detroit Lions,16,313,5316,1071,5,36,21,334,337,513,3279,17,15,5.9,179,511,2037,16,4,128,106,869,27,,,
1988,Atlanta Falcons,16,315,5692,1052,5.4,38,14,312,281,504,3373,17,24,6.3,168,518,2319,14,4.5,124,92,761,20,,,
1988,Indianapolis Colts,16,315,5296,1016,5.2,35,20,315,321,539,3602,21,15,6.3,184,447,1694,14,3.8,109,118,965,22,,,
1988,Green Bay Packers,16,315,4843,1018,4.8,41,21,281,256,474,2733,12,20,5.4,136,514,2110,17,4.1,130,112,903,15,,,
1988,Philadelphia Eagles,16,319,5799,1086,5.3,44,12,311,309,578,4147,23,32,6.7,199,466,1652,11,3.5,85,115,897,27,,,
1988,Kansas City Chiefs,16,320,5026,1042,4.8,31,13,318,214,410,2434,12,18,5.6,136,609,2592,23,4.3,162,106,854,20,,,
1988,Cincinnati Bengals,16,329,5182,1059,4.9,36,14,322,283,524,3134,19,22,5.5,177,493,2048,18,4.2,126,95,873,19,,,
1988,Seattle Seahawks,16,329,5639,1040,5.4,40,18,321,280,501,3353,21,22,6.3,171,509,2286,14,4.5,134,111,861,16,,,
1988,Los Angeles Chargers,16,332,5418,1072,5.1,26,10,335,274,517,3285,22,16,6,173,521,2133,15,4.1,135,74,619,27,,,
1988,Tampa Bay Buccaneers,16,350,5155,1025,5,33,12,293,304,527,3604,19,21,6.6,169,478,1551,21,3.2,104,105,872,20,,,
1988,Denver Broncos,16,352,5471,1055,5.2,29,13,316,262,467,2933,18,16,5.8,161,552,2538,21,4.6,140,116,966,15,,,
1988,New York Jets,16,354,5633,1038,5.4,40,16,310,244,476,3509,28,24,6.7,162,517,2124,15,4.1,123,89,757,25,,,
1988,Tennessee Titans,16,365,4858,985,4.9,42,20,304,281,512,3266,22,22,5.9,170,431,1592,20,3.7,94,118,947,40,,,
1988,Los Angeles Raiders,16,369,5379,1056,5.1,34,17,310,265,483,3171,23,17,6.1,165,533,2208,17,4.1,124,94,823,21,,,
1988,Miami Dolphins,16,380,5781,1072,5.4,31,15,359,298,491,3275,19,16,6.4,173,557,2506,22,4.5,155,103,734,31,,,
1988,Dallas Cowboys,16,381,5414,1023,5.3,19,9,297,264,523,3556,30,10,6.2,180,454,1858,13,4.1,93,92,772,24,,,
1988,Washington Redskins,16,387,5184,982,5.3,22,8,294,261,497,3439,24,14,6.4,153,442,1745,17,3.9,113,91,711,28,,,
1988,Phoenix Cardinals,16,398,5169,1014,5.1,29,13,301,264,508,3244,30,16,5.9,170,467,1925,19,4.1,111,103,770,20,,,
1988,Pittsburgh Steelers,16,421,5805,1067,5.4,33,13,319,309,532,3941,25,20,7.2,181,516,1864,20,3.6,110,79,705,28,,,
1989,Denver Broncos,16,226,4407,977,4.5,43,22,246,268,504,2827,13,21,5.1,142,426,1580,10,3.7,90,102,823,14,,,
1989,New York Giants,16,252,4664,946,4.9,37,15,266,273,486,3125,16,22,6,159,421,1539,10,3.7,90,109,800,17,,,
1989,San Francisco 49ers,16,253,4618,979,4.7,37,16,283,316,564,3235,15,21,5.3,178,372,1383,9,3.7,76,75,581,29,,,
1989,Cleveland Browns,16,254,4831,1031,4.7,38,11,276,269,540,3161,20,27,5.4,161,446,1670,8,3.7,93,122,985,22,,,
1989,Philadelphia Eagles,16,274,4894,1017,4.8,56,26,281,258,529,3289,26,30,5.6,171,426,1605,6,3.8,81,118,956,29,,,
1989,Minnesota Vikings,16,275,4184,1021,4.1,36,18,266,252,488,2501,18,18,4.5,140,462,1683,14,3.6,100,116,903,26,,,
1989,Cincinnati Bengals,16,285,5297,997,5.3,37,16,280,256,482,3135,22,21,6.1,151,482,2162,9,4.5,114,122,1060,15,,,
1989,Kansas City Chiefs,16,286,4293,952,4.5,33,18,252,236,471,2527,16,15,5,140,445,1766,9,4,92,102,797,20,,,
1989,Los Angeles Chargers,16,290,4764,1040,4.6,38,13,295,283,513,2951,15,25,5.3,172,479,1813,13,3.8,102,93,741,21,,,
1989,Los Angeles Raiders,16,297,5003,1045,4.8,36,18,308,277,506,3063,18,18,5.7,160,504,1940,15,3.8,121,105,867,27,,,
1989,Indianapolis Colts,16,301,5611,1109,5.1,36,15,336,322,556,3534,15,21,5.9,192,507,2077,10,4.1,126,103,772,18,,,
1989,New Orleans Saints,16,301,5186,997,5.2,39,18,293,320,577,3860,23,21,6.2,198,373,1326,10,3.6,79,105,850,16,,,
1989,Washington Redskins,16,308,4915,954,5.2,42,15,274,277,530,3571,25,27,6.3,177,384,1344,9,3.5,72,98,796,25,,,
1989,Buffalo Bills,16,317,5046,1030,4.9,36,13,299,255,508,3206,14,23,5.9,156,484,1840,15,3.8,117,87,616,26,,,
1989,Pittsburgh Steelers,16,326,5549,1077,5.2,42,21,323,290,548,3541,17,21,6.1,177,498,2008,16,4,112,96,785,34,,,
1989,Seattle Seahawks,16,327,5215,997,5.2,22,13,293,252,445,3097,23,9,6.5,158,520,2118,11,4.1,119,118,809,16,,,
1989,Los Angeles Rams,16,344,5567,1023,5.4,36,15,306,345,577,4024,24,21,6.5,181,404,1543,13,3.8,101,93,798,24,,,
1989,Green Bay Packers,16,356,5347,970,5.5,40,15,307,302,476,3339,22,25,6.5,179,460,2008,15,4.4,116,105,851,12,,,
1989,Detroit Lions,16,364,5537,1064,5.2,32,16,314,370,570,3916,19,16,6.4,189,454,1621,18,3.6,98,107,993,27,,,
1989,Chicago Bears,16,377,5729,1039,5.5,38,12,332,307,554,3832,21,26,6.5,191,446,1897,21,4.3,118,94,802,23,,,
1989,Phoenix Cardinals,16,377,5877,1100,5.3,27,11,329,286,531,3575,24,16,6.4,185,539,2302,12,4.3,113,106,916,31,,,
1989,Miami Dolphins,16,379,5696,1045,5.5,23,8,337,315,513,3543,21,15,6.4,180,493,2153,19,4.4,139,106,831,18,,,
1989,New England Patriots,16,391,5644,975,5.8,28,12,297,259,449,3666,27,16,7.6,176,495,1978,19,4,110,111,954,11,,,
1989,Dallas Cowboys,16,393,5556,1060,5.2,17,10,321,301,488,3565,21,7,6.9,183,543,1991,17,3.7,116,102,723,22,,,
1989,New York Jets,16,411,5994,1059,5.7,24,9,328,282,514,3858,31,15,7.1,178,517,2136,16,4.1,127,90,675,23,,,
1989,Tennessee Titans,16,412,5211,940,5.5,37,16,314,269,467,3542,28,21,7,165,437,1669,20,3.8,119,109,903,30,,,
1989,Tampa Bay Buccaneers,16,419,5460,1027,5.3,39,18,317,301,515,3437,29,21,6.3,170,479,2023,18,4.2,115,109,869,32,,,
1989,Atlanta Falcons,16,437,6025,1040,5.8,32,12,336,259,437,3554,19,20,7.6,163,572,2471,26,4.3,156,79,682,17,,,
1990,New York Giants,16,211,4206,914,4.6,34,11,245,278,496,2747,12,23,5.2,139,388,1459,9,3.8,90,83,569,16,,,
1990,San Francisco 49ers,16,239,4273,919,4.6,31,14,250,265,522,3015,17,17,5.3,157,353,1258,7,3.6,77,85,641,16,,,
1990,Pittsburgh Steelers,16,240,4115,940,4.4,42,18,257,236,460,2500,9,24,5.1,130,446,1615,13,3.6,102,89,719,25,,,
1990,Miami Dolphins,16,242,4547,968,4.7,27,8,268,257,462,2716,14,19,5.4,145,461,1831,11,4,110,95,759,13,,,
1990,Kansas City Chiefs,16,257,4881,945,5.2,45,25,268,267,512,3241,16,20,5.7,164,373,1640,12,4.4,85,122,859,19,,,
1990,Buffalo Bills,16,263,4607,981,4.7,35,17,288,254,455,2799,17,18,5.6,159,483,1808,13,3.7,105,107,839,24,,,
1990,Los Angeles Raiders,16,268,4413,924,4.8,22,9,266,246,437,2697,20,13,5.6,152,439,1716,4,3.9,95,86,710,19,,,
1990,New Orleans Saints,16,275,4878,986,4.9,27,19,279,316,534,3319,21,8,5.8,167,410,1559,8,3.8,91,87,655,21,,,
1990,Chicago Bears,16,280,4492,927,4.8,45,14,256,258,495,2920,19,31,5.4,147,391,1572,10,4,91,84,676,18,,,
1990,Los Angeles Chargers,16,281,4425,931,4.8,30,11,268,254,462,2910,22,19,5.7,152,424,1515,10,3.6,92,87,720,24,,,
1990,Seattle Seahawks,16,286,4609,950,4.9,30,18,280,300,504,3004,19,12,5.6,171,413,1605,7,3.9,86,108,766,23,,,
1990,Philadelphia Eagles,16,299,4660,948,4.9,30,11,251,273,566,3491,23,19,5.7,169,337,1169,9,3.5,59,94,706,23,,,
1990,Washington Redskins,16,301,4730,941,5,33,12,267,281,514,3143,21,21,5.6,166,382,1587,8,4.2,77,90,712,24,,,
1990,Tennessee Titans,16,307,4635,890,5.2,33,12,279,267,460,3060,18,21,6.1,160,392,1575,12,4,88,134,1015,31,,,
1990,Dallas Cowboys,16,308,4615,988,4.7,30,19,280,271,470,2639,12,11,5.2,153,482,1976,18,4.1,109,104,911,18,,,
1990,Minnesota Vikings,16,326,4717,972,4.9,33,11,257,218,422,2643,20,22,5.6,136,503,2074,12,4.1,107,100,787,14,,,
1990,New York Jets,16,345,5455,977,5.6,29,11,318,311,516,3437,23,18,6.2,186,423,2018,15,4.8,112,106,876,20,,,
1990,Green Bay Packers,16,347,5442,981,5.5,30,14,286,256,479,3383,20,16,6.7,160,475,2059,16,4.3,113,109,854,13,,,
1990,Cincinnati Bengals,16,352,5605,1010,5.5,31,16,308,300,543,3520,24,15,6.2,180,442,2085,15,4.7,116,101,824,12,,,
1990,Indianapolis Colts,16,353,5614,1034,5.4,24,15,320,301,492,3402,20,9,6.5,176,513,2212,12,4.3,130,104,781,14,,,
1990,Atlanta Falcons,16,365,5270,983,5.4,35,18,300,297,537,3913,31,17,6.9,179,413,1357,11,3.3,79,95,811,42,,,
1990,Tampa Bay Buccaneers,16,367,5479,1001,5.5,42,17,313,263,471,3256,22,25,6.4,168,496,2223,20,4.5,129,78,617,16,,,
1990,Denver Broncos,16,374,5345,969,5.5,25,15,306,284,479,3382,22,10,6.6,181,456,1963,16,4.3,110,105,819,15,,,
1990,Phoenix Cardinals,16,396,5216,959,5.4,27,11,306,233,402,2898,29,16,6.6,146,521,2318,20,4.4,140,96,834,20,,,
1990,Los Angeles Rams,16,412,5411,949,5.7,31,19,286,296,501,3762,30,12,7.1,175,418,1649,17,3.9,93,109,968,18,,,
1990,Detroit Lions,16,413,5734,1080,5.3,35,18,334,319,507,3346,21,17,6.1,173,532,2388,22,4.5,142,97,788,19,,,
1990,New England Patriots,16,446,5697,972,5.9,32,18,307,218,374,3021,21,14,7.4,139,565,2676,29,4.7,151,73,488,17,,,
1990,Cleveland Browns,16,462,5190,987,5.3,22,9,314,253,444,3085,32,13,6.5,169,511,2105,21,4.1,117,95,684,28,,,
1991,New Orleans Saints,16,211,3933,875,4.5,48,19,214,259,491,2720,12,29,5,139,334,1213,6,3.6,63,95,711,12,,,
1991,Washington Redskins,16,224,4293,946,4.5,41,14,242,292,548,2947,13,27,4.9,151,348,1346,11,3.9,72,94,767,19,,,
1991,Denver Broncos,16,235,4549,939,4.8,33,10,242,246,476,2755,12,23,5.2,147,411,1794,8,4.4,81,105,848,14,,,
1991,San Francisco 49ers,16,239,4554,929,4.9,28,16,260,267,499,3042,16,12,5.7,155,399,1512,8,3.8,86,84,782,19,,,
1991,Philadelphia Eagles,16,244,3549,905,3.9,48,22,206,206,467,2413,16,26,4.6,133,383,1136,4,3,53,105,881,20,,,
1991,Tennessee Titans,16,251,4748,984,4.8,38,18,280,310,532,3208,17,20,5.6,163,407,1540,8,3.8,94,109,797,23,,,
1991,Kansas City Chiefs,16,252,4998,927,5.4,33,18,275,279,471,3228,17,15,6.3,168,417,1770,8,4.2,88,110,827,19,,,
1991,Seattle Seahawks,16,261,4703,988,4.8,39,21,262,296,517,3019,18,18,5.5,159,435,1684,4,3.9,91,108,845,12,,,
1991,Chicago Bears,16,269,4507,942,4.8,30,13,254,286,513,2927,19,17,5.3,164,389,1580,9,4.1,77,94,891,13,,,
1991,New York Jets,16,293,4981,954,5.2,37,19,298,331,540,3539,21,18,6.2,185,379,1442,8,3.8,94,93,774,19,,,
1991,Detroit Lions,16,295,5046,1008,5,36,17,305,315,534,3286,16,19,5.8,189,444,1760,16,4,93,94,704,23,,,
1991,Los Angeles Raiders,16,297,5165,1002,5.2,31,13,305,295,513,3276,18,18,5.9,176,447,1889,13,4.2,108,111,905,21,,,
1991,New York Giants,16,297,4600,888,5.2,21,9,257,251,440,2874,17,12,6.1,138,414,1726,11,4.2,103,80,622,16,,,
1991,Cleveland Browns,16,298,5084,1004,5.1,33,18,298,312,522,3209,20,15,5.8,179,447,1875,12,4.2,100,103,770,19,,,
1991,New England Patriots,16,305,5431,1050,5.2,31,19,312,335,565,3852,25,12,6.5,199,460,1579,5,3.4,94,83,608,19,,,
1991,Minnesota Vikings,16,306,5016,988,5.1,28,11,301,286,499,3179,16,17,6,172,456,1837,17,4,106,92,709,23,,,
1991,Dallas Cowboys,16,310,5066,963,5.3,23,11,299,320,540,3495,17,12,6.2,180,400,1571,11,3.9,103,97,801,16,,,
1991,Green Bay Packers,16,313,4812,1033,4.7,29,14,298,305,531,3266,20,15,5.7,177,457,1546,10,3.4,99,106,777,22,,,
1991,Buffalo Bills,16,318,5458,1086,5,37,14,335,299,536,3414,12,23,6,166,519,2044,20,3.9,138,110,938,31,,,
1991,Atlanta Falcons,16,338,5248,976,5.4,35,16,278,252,481,3295,28,19,6.5,157,466,1953,13,4.2,94,100,802,27,,,
1991,Los Angeles Chargers,16,342,5111,961,5.3,28,9,292,300,503,3445,22,19,6.5,181,430,1666,15,3.9,94,87,718,17,,,
1991,Pittsburgh Steelers,16,344,5168,1039,5,30,11,320,334,535,3586,21,19,6.3,194,466,1582,14,3.4,98,84,685,28,,,
1991,Phoenix Cardinals,16,344,5052,965,5.2,38,21,301,268,447,2916,12,17,6.2,156,493,2136,27,4.3,132,94,734,13,,,
1991,Miami Dolphins,16,349,5406,1019,5.3,21,9,327,300,485,3105,18,12,6,177,499,2301,17,4.6,133,91,684,17,,,
1991,Tampa Bay Buccaneers,16,365,4979,989,5,27,16,295,257,438,2872,15,11,6,147,512,2107,21,4.1,120,110,925,28,,,
1991,Indianapolis Colts,16,381,5127,961,5.3,28,13,305,240,388,2800,22,15,6.7,152,544,2327,23,4.3,140,88,645,13,,,
1991,Los Angeles Rams,16,390,5204,920,5.7,19,8,286,259,434,3545,25,11,7.9,162,469,1659,19,3.5,105,83,743,19,,,
1991,Cincinnati Bengals,16,435,5652,980,5.8,31,14,308,303,505,3990,26,17,7.6,191,454,1662,20,3.7,100,94,808,17,,,
1992,New Orleans Saints,16,202,4075,949,4.3,38,20,246,287,511,2470,13,18,4.3,146,381,1605,8,4.2,86,77,729,14,,,
1992,Pittsburgh Steelers,16,225,4658,949,4.9,43,21,266,252,478,2817,15,22,5.5,146,435,1841,6,4.2,99,104,814,21,,,
1992,San Francisco 49ers,16,236,4787,943,5.1,29,12,277,320,551,3369,20,17,5.7,174,351,1418,5,4,90,79,651,13,,,
1992,Los Angeles Chargers,16,241,4227,907,4.7,36,11,250,271,491,2832,17,25,5.2,157,365,1395,10,3.8,80,98,798,13,,,
1992,Dallas Cowboys,16,243,3931,873,4.5,31,14,241,263,484,2687,16,17,5.1,147,345,1244,11,3.6,68,94,727,26,,,
1992,Philadelphia Eagles,16,245,4412,959,4.6,37,13,242,263,517,2931,20,24,5.1,146,387,1481,4,3.8,73,86,683,23,,,
1992,Minnesota Vikings,16,249,4515,997,4.5,42,14,293,320,508,2782,12,28,5,154,438,1733,11,4,113,98,768,26,,,
1992,Washington Redskins,16,255,4438,911,4.9,34,11,249,258,466,2742,15,23,5.4,138,406,1696,11,4.2,89,85,709,22,,,
1992,Tennessee Titans,16,258,4211,907,4.6,31,11,254,248,445,2577,20,20,5.2,139,412,1634,6,4,93,114,886,22,,,
1992,Cleveland Browns,16,275,4757,963,4.9,33,20,281,291,486,3152,23,13,5.9,170,429,1605,5,3.7,86,93,764,25,,,
1992,Miami Dolphins,16,281,4583,976,4.7,32,14,273,294,512,2983,16,18,5.4,168,428,1600,9,3.7,92,89,679,13,,,
1992,Los Angeles Raiders,16,281,4516,974,4.6,19,7,264,243,450,2833,11,12,5.7,135,478,1683,17,3.5,104,98,755,25,,,
1992,Kansas City Chiefs,16,282,4324,949,4.6,39,15,256,253,458,2537,19,24,5,145,441,1787,12,4.1,97,124,959,14,,,
1992,Buffalo Bills,16,283,4604,991,4.6,35,12,278,305,520,3209,19,23,5.7,185,427,1395,8,3.3,77,118,933,16,,,
1992,Green Bay Packers,16,296,5098,923,5.5,34,19,277,277,483,3277,16,15,6.3,170,406,1821,12,4.5,89,98,830,18,,,
1992,Indianapolis Colts,16,302,5074,1004,5.1,35,15,314,260,470,2900,14,20,5.7,164,495,2174,16,4.4,129,101,836,21,,,
1992,Seattle Seahawks,16,312,4583,987,4.6,31,11,247,251,428,2661,11,20,5.6,129,513,1922,14,3.7,96,100,776,22,,,
1992,New York Jets,16,315,4880,961,5.1,39,18,276,257,465,2961,19,21,5.9,146,460,1919,13,4.2,110,82,808,20,,,
1992,Denver Broncos,16,329,5083,1001,5.1,31,16,283,268,462,3120,21,15,6.1,156,489,1963,10,4,105,96,715,22,,,
1992,Phoenix Cardinals,16,332,5126,915,5.6,28,12,281,276,452,3491,24,16,7.3,163,436,1635,13,3.8,101,100,826,17,,,
1992,Detroit Lions,16,332,5058,976,5.2,32,11,308,296,487,3217,20,21,6.2,168,460,1841,14,4,119,111,871,21,,,
1992,Chicago Bears,16,361,4952,953,5.2,30,16,274,261,442,3004,20,14,6.2,144,468,1948,14,4.2,109,90,780,21,,,
1992,New England Patriots,16,363,5048,1000,5,29,15,292,258,459,3097,22,14,6.5,149,521,1951,15,3.7,112,90,673,31,,,
1992,Cincinnati Bengals,16,364,5333,1024,5.2,33,17,319,288,489,3326,24,16,6.2,168,490,2007,15,4.1,126,95,797,25,,,
1992,Tampa Bay Buccaneers,16,365,5185,985,5.3,33,13,296,293,508,3510,25,20,6.5,175,441,1675,15,3.8,100,74,563,21,,,
1992,New York Giants,16,367,5043,923,5.5,26,12,287,270,440,3031,22,14,6.5,155,458,2012,17,4.4,115,93,744,17,,,
1992,Los Angeles Rams,16,383,5523,1005,5.5,33,15,319,305,507,3293,18,18,6.1,175,467,2230,22,4.8,130,102,778,14,,,
1992,Atlanta Falcons,16,414,5549,934,5.9,23,12,304,277,439,3255,24,11,6.9,172,464,2294,20,4.9,109,92,761,23,,,
1993,New York Giants,16,205,4663,950,4.9,28,10,268,298,514,3116,13,18,5.6,161,395,1547,7,3.9,89,98,820,18,,,
1993,Dallas Cowboys,16,229,4767,1012,4.7,28,14,297,334,555,3116,14,14,5.3,176,423,1651,7,3.9,94,87,653,27,,,
1993,Chicago Bears,16,230,4653,1026,4.5,30,12,289,306,504,2818,12,18,5.1,163,476,1835,9,3.9,112,91,783,14,,,
1993,Tennessee Titans,16,238,4874,1003,4.9,43,17,289,302,582,3601,16,26,5.7,184,369,1273,9,3.4,73,103,791,32,,,
1993,Buffalo Bills,16,242,5554,1119,5,47,24,331,323,582,3633,18,23,5.9,199,500,1921,7,3.8,114,99,681,18,,,
1993,New York Jets,16,247,4712,949,5,37,18,266,296,497,3239,15,19,6.1,161,420,1473,8,3.5,93,86,661,12,,,
1993,Phoenix Cardinals,16,269,5167,962,5.4,26,17,278,281,495,3306,14,9,6.2,158,433,1861,13,4.3,106,95,730,14,,,
1993,Pittsburgh Steelers,16,281,4531,962,4.7,38,14,267,277,521,3163,16,24,5.6,163,399,1368,6,3.4,74,77,652,30,,,
1993,Green Bay Packers,16,282,4482,999,4.5,33,15,261,290,529,2900,16,18,5,157,424,1582,6,3.7,88,85,712,16,,,
1993,Denver Broncos,16,284,5149,1005,5.1,31,13,280,314,562,3731,21,18,6.1,181,397,1418,6,3.6,86,128,1019,13,,,
1993,New England Patriots,16,286,4796,1013,4.7,22,9,269,280,474,2845,20,13,5.6,161,505,1951,9,3.9,97,111,803,11,,,
1993,Los Angeles Chargers,16,290,5066,1002,5.1,34,12,299,329,556,3752,17,22,6.4,192,414,1314,10,3.2,86,94,724,21,,,
1993,Minnesota Vikings,16,290,4406,938,4.7,34,10,259,310,478,2870,11,24,5.5,139,415,1536,14,3.7,98,97,768,22,,,
1993,Kansas City Chiefs,16,291,4771,1013,4.7,38,17,300,312,525,3151,18,21,5.6,161,453,1620,11,3.6,103,127,1015,36,,,
1993,Detroit Lions,16,292,4669,990,4.7,35,16,279,309,514,3020,19,19,5.4,154,433,1649,12,3.8,108,73,500,17,,,
1993,San Francisco 49ers,16,295,4997,1012,4.9,30,11,297,314,564,3197,23,19,5.3,171,404,1800,6,4.5,109,99,743,17,,,
1993,Cleveland Browns,16,307,4778,1040,4.6,22,9,290,306,541,3124,19,13,5.3,170,451,1654,9,3.7,94,105,821,26,,,
1993,Seattle Seahawks,16,314,5313,1085,4.9,37,15,322,333,595,3653,16,22,5.8,193,452,1660,12,3.7,106,109,818,23,,,
1993,Philadelphia Eagles,16,315,5019,966,5.2,35,15,271,251,463,2939,22,20,5.9,155,467,2080,11,4.5,91,85,610,25,,,
1993,Cincinnati Bengals,16,319,5018,1000,5,26,14,306,251,457,2798,20,12,5.8,159,521,2220,15,4.3,134,73,567,13,,,
1993,Los Angeles Raiders,16,326,4723,996,4.7,23,9,302,258,457,2858,17,14,5.7,154,494,1865,17,3.8,111,105,801,37,,,
1993,New Orleans Saints,16,343,4696,1008,4.7,30,20,273,259,444,2606,22,10,5.3,145,513,2090,7,4.1,116,86,590,12,,,
1993,Washington Redskins,16,345,5499,1027,5.4,31,14,304,291,483,3387,24,17,6.6,157,513,2112,14,4.1,127,100,782,20,,,
1993,Miami Dolphins,16,351,5150,1061,4.9,27,14,332,350,572,3485,26,13,5.8,205,460,1665,12,3.6,103,92,650,24,,,
1993,Los Angeles Rams,16,367,5411,1003,5.4,20,9,304,299,488,3560,17,11,6.8,179,480,1851,18,3.9,117,80,542,8,,,
1993,Tampa Bay Buccaneers,16,376,5246,1011,5.2,22,13,280,300,503,3252,22,9,6.1,152,479,1994,15,4.2,109,126,913,19,,,
1993,Indianapolis Colts,16,378,5638,1050,5.4,21,11,334,270,454,3117,22,10,6.6,166,575,2521,20,4.4,151,87,610,17,,,
1993,Atlanta Falcons,16,385,5421,951,5.7,24,11,278,308,505,3637,27,13,6.8,180,419,1784,14,4.3,79,100,874,19,,,
1994,Cleveland Browns,16,204,4826,1090,4.4,31,13,304,325,587,3157,13,18,5.1,173,465,1669,9,3.6,98,129,1139,33,,,
1994,Pittsburgh Steelers,16,234,4326,1008,4.3,31,14,262,280,532,2874,12,17,4.9,156,421,1452,7,3.4,76,91,763,30,,,
1994,Dallas Cowboys,16,248,4313,1006,4.3,31,9,273,269,522,2752,19,22,4.8,157,437,1561,8,3.6,86,102,826,30,,,
1994,Arizona Cardinals,16,267,4408,909,4.8,36,13,245,234,465,3038,19,23,6.1,144,409,1370,7,3.3,71,108,800,30,,,
1994,Green Bay Packers,16,287,4764,1023,4.7,33,12,281,337,605,3401,20,21,5.3,182,381,1363,9,3.6,82,82,675,17,,,
1994,San Francisco 49ers,16,296,4839,996,4.9,35,12,285,329,583,3501,15,23,5.6,182,375,1338,16,3.6,82,108,912,21,,,
1994,Kansas City Chiefs,16,298,5000,989,5.1,38,26,289,300,504,3266,23,12,6,164,446,1734,11,3.9,93,119,925,32,,,
1994,New York Giants,16,305,4950,973,5.1,32,16,280,289,500,3222,16,16,6.1,166,447,1728,11,3.9,92,130,1122,22,,,
1994,Los Angeles Chargers,16,306,5062,1005,5,32,15,308,363,577,3658,20,17,5.9,191,385,1404,11,3.6,89,109,989,28,,,
1994,Chicago Bears,16,307,5009,982,5.1,22,10,275,295,522,3087,16,12,5.6,163,432,1922,10,4.4,100,80,645,12,,,
1994,Philadelphia Eagles,16,308,4710,981,4.8,35,14,275,251,490,3094,20,21,5.8,151,449,1616,11,3.6,94,98,844,30,,,
1994,New England Patriots,16,312,5207,1006,5.2,40,18,280,298,545,3447,21,22,5.9,173,422,1760,11,4.2,86,110,795,21,,,
1994,Minnesota Vikings,16,314,4742,988,4.8,34,16,287,368,597,3652,25,18,5.8,195,355,1090,9,3.1,65,83,614,27,,,
1994,Indianapolis Colts,16,320,5325,1090,4.9,28,10,311,354,598,3679,24,18,5.9,192,463,1646,8,3.6,98,110,824,21,,,
1994,New York Jets,16,320,5338,1014,5.3,38,21,315,333,522,3529,19,17,6.4,189,463,1809,17,3.9,105,63,489,21,,,
1994,Seattle Seahawks,16,323,5349,1077,5,30,11,318,313,537,3397,15,19,6,178,511,1952,15,3.8,122,103,773,18,,,
1994,Los Angeles Raiders,16,327,4943,1046,4.7,25,13,303,306,564,3400,24,12,5.6,176,444,1543,11,3.5,94,113,823,33,,,
1994,Miami Dolphins,16,327,5224,1000,5.2,32,9,305,334,577,3794,23,23,6.3,195,394,1430,14,3.6,85,82,653,25,,,
1994,Detroit Lions,16,342,5405,1086,5,23,11,326,370,547,3546,21,12,6.2,169,511,1859,15,3.6,131,130,1036,26,,,
1994,Tampa Bay Buccaneers,16,351,5336,986,5.4,21,12,298,303,498,3372,25,9,6.5,179,468,1964,13,4.2,100,94,690,19,,,
1994,Tennessee Titans,16,352,4915,971,5.1,26,12,275,221,400,2795,18,14,6.5,132,540,2120,17,3.9,112,102,807,31,,,
1994,Buffalo Bills,16,356,5175,1007,5.1,28,12,294,314,535,3660,26,16,6.5,199,447,1515,10,3.4,82,101,770,13,,,
1994,Los Angeles Rams,16,365,5170,1063,4.9,20,6,333,320,541,3389,23,14,6,198,496,1781,12,3.6,103,114,1015,32,,,
1994,Atlanta Falcons,16,385,5829,1038,5.6,33,11,330,364,580,4136,26,22,6.8,201,426,1693,16,4,107,111,853,22,,,
1994,Denver Broncos,16,396,5907,1023,5.8,26,14,303,322,568,4155,28,12,7,182,432,1752,12,4.1,103,134,1031,18,,,
1994,Cincinnati Bengals,16,406,5154,1053,4.9,18,8,310,294,505,3248,22,10,6.1,168,517,1906,16,3.7,126,99,861,16,,,
1994,New Orleans Saints,16,407,5569,1053,5.3,31,14,337,353,559,3811,28,17,6.4,208,458,1758,10,3.8,106,105,922,23,,,
1994,Washington Redskins,16,412,5609,1080,5.2,23,6,331,300,496,3634,22,17,6.9,182,556,1975,24,3.6,129,98,839,20,,,
1995,Kansas City Chiefs,16,241,4549,1047,4.3,33,17,289,329,596,3222,16,16,5,178,404,1327,7,3.3,83,108,828,28,,,
1995,San Francisco 49ers,16,258,4398,999,4.4,34,8,264,330,611,3337,19,26,5.1,192,348,1061,5,3,57,74,556,15,,,
1995,Dallas Cowboys,16,291,5044,1001,5,25,6,303,293,523,3272,17,19,5.9,165,442,1772,13,4,113,112,913,25,,,
1995,Green Bay Packers,16,314,5155,1029,5,16,3,303,351,616,3640,25,13,5.6,188,374,1515,12,4.1,99,98,738,16,,,
1995,Indianapolis Colts,16,316,5027,1016,4.9,26,13,304,336,569,3570,23,13,6,182,418,1457,8,3.5,92,111,935,30,,,
1995,Los Angeles Chargers,16,323,5074,1020,5,27,10,313,321,543,3383,16,17,5.8,178,441,1691,15,3.8,112,117,951,23,,,
1995,Tennessee Titans,16,324,4651,983,4.7,38,17,267,289,553,3125,24,21,5.4,157,400,1526,11,3.8,85,118,962,25,,,
1995,Carolina Panthers,16,325,5027,1072,4.7,37,16,288,310,586,3451,15,21,5.5,175,450,1576,17,3.5,99,112,808,14,,,
1995,Pittsburgh Steelers,16,327,4561,943,4.8,34,12,272,314,531,3240,24,22,5.7,181,370,1321,9,3.6,67,101,931,24,,,
1995,Miami Dolphins,16,332,5244,1000,5.2,30,16,309,327,556,3569,30,14,6.1,192,415,1675,7,4,93,82,739,24,,,
1995,Oakland Raiders,16,332,5104,1016,5,33,22,293,301,527,3310,14,11,5.8,177,446,1794,15,4,90,94,730,26,,,
1995,Tampa Bay Buccaneers,16,335,5712,1031,5.5,30,16,336,346,557,3958,19,14,6.8,202,449,1754,14,3.9,104,87,698,30,,,
1995,Buffalo Bills,16,335,5128,1084,4.7,28,11,287,310,582,3502,14,17,5.5,180,453,1626,16,3.6,93,115,890,14,,,
1995,Detroit Lions,16,336,5599,1031,5.4,35,13,350,354,580,3804,17,22,6.1,201,409,1795,15,4.4,110,120,1001,39,,,
1995,Philadelphia Eagles,16,338,4638,1013,4.6,38,19,281,268,499,2816,14,19,5.1,154,466,1822,14,3.9,102,87,727,25,,,
1995,New York Giants,16,340,5293,1037,5.1,31,15,335,299,508,3184,17,16,5.9,187,500,2109,17,4.2,120,94,662,28,,,
1995,Denver Broncos,16,345,5193,1010,5.1,21,13,322,297,529,3298,20,8,5.9,186,451,1895,19,4.2,114,103,848,22,,,
1995,New Orleans Saints,16,348,5561,1056,5.3,29,12,320,329,543,3723,23,17,6.3,195,469,1838,13,3.9,107,109,830,18,,,
1995,Atlanta Falcons,16,349,6088,1084,5.6,30,12,340,405,650,4541,28,18,6.7,230,404,1547,12,3.8,96,94,688,14,,,
1995,Cleveland Browns,16,356,5648,1082,5.2,24,7,342,360,573,3822,23,17,6.3,200,480,1826,15,3.8,112,108,736,30,,,
1995,Washington Redskins,16,359,5400,1059,5.1,35,19,323,338,546,3268,20,16,5.7,182,483,2132,18,4.4,127,100,780,14,,,
1995,Chicago Bears,16,360,5442,1035,5.3,29,13,316,374,595,4001,27,16,6.4,212,405,1441,9,3.6,81,104,821,23,,,
1995,Seattle Seahawks,16,366,5669,1078,5.3,25,9,321,310,554,3539,26,16,6.1,181,496,2130,11,4.3,116,114,901,24,,,
1995,Cincinnati Bengals,16,374,6349,1127,5.6,24,12,354,364,602,4245,25,12,6.6,215,483,2104,10,4.4,117,116,1143,22,,,
1995,New England Patriots,16,377,5764,1034,5.6,29,14,308,342,549,3886,29,15,6.6,181,448,1878,12,4.2,106,104,816,21,,,
1995,New York Jets,16,384,4756,1066,4.5,34,17,301,263,497,2740,21,17,5.1,149,526,2016,15,3.8,123,97,759,29,,,
1995,Minnesota Vikings,16,385,5451,1016,5.4,40,15,312,369,620,4122,29,25,6.2,212,352,1329,11,3.8,75,100,707,25,,,
1995,Jacksonville Jaguars,16,404,5515,1030,5.4,24,11,320,304,509,3512,28,13,6.7,177,504,2003,17,4,121,102,958,22,,,
1995,Los Angeles Rams,16,418,5118,980,5.2,36,14,301,320,534,3441,27,22,6,178,410,1677,14,4.1,101,87,681,22,,,
1995,Arizona Cardinals,16,422,5704,995,5.7,42,23,310,264,461,3455,33,19,7,180,503,2249,14,4.5,105,117,860,25,,,
1996,Green Bay Packers,16,210,4156,981,4.2,39,13,248,283,544,2740,12,26,4.7,151,400,1416,7,3.5,74,107,797,23,,,
1996,Carolina Panthers,16,218,4776,990,4.8,38,16,251,307,556,3214,17,22,5.2,167,374,1562,6,4.2,69,133,1155,15,,,
1996,Dallas Cowboys,16,250,4382,958,4.6,33,14,260,271,484,2806,10,19,5.4,144,437,1576,10,3.6,89,94,717,27,,,
1996,San Francisco 49ers,16,257,4661,1021,4.6,34,14,269,287,558,3164,21,20,5.2,164,418,1497,4,3.6,76,97,819,29,,,
1996,Pittsburgh Steelers,16,257,4362,1009,4.3,40,17,286,322,547,2947,17,23,4.9,174,411,1415,7,3.4,80,97,746,32,,,
1996,Buffalo Bills,16,266,4737,1105,4.3,28,14,283,292,562,3068,11,14,5,168,495,1669,12,3.4,94,86,607,21,,,
1996,Denver Broncos,16,275,4470,951,4.7,32,9,261,302,566,3139,22,23,5.2,165,345,1331,5,3.9,67,119,834,29,,,
1996,Oakland Raiders,16,293,4697,1010,4.7,26,9,292,284,513,3021,22,17,5.5,162,463,1676,7,3.6,97,113,965,33,,,
1996,Tampa Bay Buccaneers,16,293,4814,976,4.9,29,12,296,311,503,2925,17,17,5.4,156,438,1889,13,4.3,114,101,810,26,,,
1996,New York Giants,16,297,5047,1050,4.8,35,13,285,317,533,3299,15,22,5.9,174,487,1748,14,3.6,98,100,781,13,,,
1996,Kansas City Chiefs,16,300,5204,1008,5.2,27,10,296,289,536,3538,19,17,6.2,184,441,1666,11,3.8,84,103,876,28,,,
1996,Chicago Bears,16,305,4884,981,5,28,11,295,314,524,3267,21,17,5.9,183,427,1617,13,3.8,87,113,849,25,,,
1996,Washington Redskins,16,312,5723,1114,5.1,30,9,358,325,560,3448,12,21,5.8,191,520,2275,20,4.4,146,102,867,21,,,
1996,New England Patriots,16,313,5305,1063,5,34,11,305,322,596,3803,17,23,6,178,434,1502,14,3.5,102,139,1189,25,,,
1996,Minnesota Vikings,16,315,5087,1025,5,35,13,309,314,537,3121,18,22,5.4,169,445,1966,15,4.4,117,105,840,23,,,
1996,Tennessee Titans,16,319,4610,956,4.8,26,14,271,312,524,3225,24,12,5.8,169,397,1385,5,3.5,78,88,672,24,,,
1996,Miami Dolphins,16,325,5191,987,5.3,36,16,306,337,539,3655,29,20,6.3,191,411,1536,10,3.7,91,98,786,24,,,
1996,Indianapolis Colts,16,334,5403,1022,5.3,23,10,305,318,534,3643,25,13,6.5,189,459,1760,12,3.8,108,121,970,8,,,
1996,Jacksonville Jaguars,16,335,5085,992,5.1,27,14,315,290,508,3304,24,13,6.1,180,447,1781,9,4,110,97,800,25,,,
1996,New Orleans Saints,16,339,4910,1027,4.8,22,10,287,267,465,2834,22,12,5.6,152,521,2076,11,4,104,102,823,31,,,
1996,Philadelphia Eagles,16,341,4562,961,4.7,31,12,264,271,500,2979,18,19,5.5,150,421,1583,12,3.8,87,99,710,27,,,
1996,Detroit Lions,16,368,5351,1044,5.1,19,8,324,311,502,3344,28,11,6.3,172,510,2007,12,3.9,126,114,938,26,,,
1996,Cincinnati Bengals,16,369,5469,1047,5.2,44,10,317,319,571,3826,22,34,6.3,196,444,1643,15,3.7,109,102,768,12,,,
1996,Los Angeles Chargers,16,376,5421,1100,4.9,36,14,321,369,636,3666,28,22,5.5,199,431,1755,10,4.1,92,115,991,30,,,
1996,Seattle Seahawks,16,376,5437,1066,5.1,32,18,325,303,512,3339,25,14,6,181,506,2098,15,4.1,114,98,804,30,,,
1996,Arizona Cardinals,16,397,5361,1062,5,25,14,337,311,520,3499,21,11,6.4,192,514,1862,18,3.6,120,104,841,25,,,
1996,Los Angeles Rams,16,409,5529,1068,5.2,39,13,329,341,558,3675,23,26,6.2,191,478,1854,22,3.9,114,111,832,24,,,
1996,Baltimore Ravens,16,441,5889,1075,5.5,22,7,351,350,537,3969,27,15,7,213,508,1920,18,3.8,115,104,744,23,,,
1996,New York Jets,16,454,5564,1023,5.4,26,15,304,257,456,3364,33,11,7,157,539,2200,19,4.1,119,107,902,28,,,
1996,Atlanta Falcons,16,461,5786,994,5.8,23,17,309,302,485,3745,26,6,7.2,182,473,2041,18,4.3,102,106,816,25,,,
1997,Kansas City Chiefs,16,232,4880,974,5,34,13,278,271,507,3259,15,21,5.8,158,413,1621,8,3.9,94,113,977,26,,,
1997,Tampa Bay Buccaneers,16,263,4628,982,4.7,26,13,265,325,518,3011,13,13,5.4,155,420,1617,10,3.9,96,93,814,14,,,
1997,New York Giants,16,265,5067,1082,4.7,44,17,310,325,596,3616,10,27,5.6,195,432,1451,17,3.4,82,122,1056,33,,,
1997,San Francisco 49ers,16,265,4013,949,4.2,41,16,242,258,509,2647,23,25,4.7,145,386,1366,5,3.5,67,91,742,30,,,
1997,Green Bay Packers,16,282,4827,1047,4.6,32,11,288,288,563,2951,10,21,4.9,156,443,1876,16,4.2,105,114,945,27,,,
1997,New York Jets,16,287,5320,1057,5,25,7,301,304,558,3421,23,18,5.8,177,470,1899,9,4,103,99,832,21,,,
1997,Denver Broncos,16,287,4671,951,4.9,31,13,258,290,526,2868,20,18,5,145,381,1803,10,4.7,83,130,1118,30,,,
1997,Washington Redskins,16,289,5030,1058,4.8,30,14,292,267,513,2818,14,16,5.1,149,508,2212,15,4.4,129,96,849,14,,,
1997,New England Patriots,16,289,5085,1100,4.6,32,13,322,368,619,3469,14,19,5.2,183,436,1616,16,3.7,114,106,763,25,,,
1997,Detroit Lions,16,306,4947,1021,4.8,25,8,268,281,507,3114,15,17,5.7,152,471,1833,15,3.9,98,112,841,18,,,
1997,Pittsburgh Steelers,16,307,4705,1005,4.7,34,14,285,295,554,3387,24,20,5.6,177,403,1318,5,3.3,82,90,708,26,,,
1997,Tennessee Oilers,16,310,5231,992,5.3,32,18,292,321,543,3658,21,14,6.3,193,414,1573,12,3.8,79,94,830,20,,,
1997,Carolina Panthers,16,314,4980,1023,4.9,22,11,290,260,490,3007,17,11,5.7,163,497,1973,12,4,112,97,757,15,,,
1997,Dallas Cowboys,16,314,4516,1022,4.4,19,12,281,253,473,2522,20,7,4.9,139,511,1994,12,3.9,104,99,757,38,,,
1997,Jacksonville Jaguars,16,318,5238,1035,5.1,29,15,318,320,532,3504,24,14,6,190,455,1734,12,3.8,107,90,800,21,,,
1997,New Orleans Saints,16,327,4645,1073,4.3,31,15,280,293,518,2881,21,16,5,168,496,1764,11,3.6,95,110,895,17,,,
1997,Miami Dolphins,16,327,5364,1004,5.3,27,17,299,329,530,3551,23,10,6.3,176,443,1813,9,4.1,106,92,892,17,,,
1997,Baltimore Ravens,16,345,5363,1068,5,28,11,306,332,556,3673,20,17,6.1,180,470,1690,17,3.6,101,106,828,25,,,
1997,Minnesota Vikings,16,359,5687,1028,5.5,27,15,325,336,542,3704,28,12,6.3,195,442,1983,13,4.5,104,81,668,26,,,
1997,Los Angeles Rams,16,359,5066,1021,5,39,14,296,288,543,3379,26,25,5.8,177,440,1687,10,3.8,84,133,1064,35,,,
1997,Atlanta Falcons,16,361,5106,960,5.3,28,10,274,275,496,3440,24,18,6.2,180,409,1666,18,4.1,76,115,872,18,,,
1997,Seattle Seahawks,16,362,4849,959,5.1,29,16,286,276,462,3118,19,13,6.2,166,455,1731,10,3.8,96,100,820,24,,,
1997,Buffalo Bills,16,367,4853,1041,4.7,22,7,265,287,502,3061,17,15,5.6,160,493,1792,11,3.6,85,98,992,20,,,
1997,Philadelphia Eagles,16,372,4932,1009,4.9,26,12,286,259,490,2923,20,14,5.5,150,476,2009,16,4.2,115,86,708,21,,,
1997,Arizona Cardinals,16,379,5426,1049,5.2,20,5,298,279,491,3246,23,15,6.2,167,524,2180,13,4.2,112,113,981,19,,,
1997,Indianapolis Colts,16,401,4854,928,5.2,25,13,280,261,453,2820,26,12,5.8,163,438,2034,18,4.6,95,102,861,22,,,
1997,Cincinnati Bengals,16,405,5682,1091,5.2,23,10,351,309,542,3459,30,13,6,188,514,2223,15,4.3,141,107,951,22,,,
1997,Oakland Raiders,16,419,6116,1108,5.5,22,12,345,324,552,3870,21,10,6.6,199,525,2246,19,4.3,121,117,977,25,,,
1997,Chicago Bears,16,421,4888,935,5.2,30,17,281,273,476,3030,25,13,5.9,156,421,1858,18,4.4,97,93,763,28,,,
1997,Los Angeles Chargers,16,425,5166,1048,4.9,26,11,308,297,568,3468,31,15,5.8,181,453,1698,12,3.7,92,101,784,35,,,
1998,Miami Dolphins,16,265,4435,944,4.7,36,7,257,252,504,2924,17,29,5.3,148,395,1511,6,3.8,75,97,875,34,24.6,16.8,
1998,New York Jets,16,266,4699,980,4.8,30,9,263,285,544,3040,16,21,5.2,150,400,1659,11,4.1,87,109,967,26,24.6,16.4,
1998,Dallas Cowboys,16,275,5164,988,5.2,26,12,276,290,553,3545,21,14,6,162,401,1619,10,4,84,120,917,30,25.9,13.8,
1998,Atlanta Falcons,16,289,4734,950,5,44,25,267,311,551,3531,22,19,6,172,361,1203,7,3.3,65,118,858,30,26.5,26.5,
1998,Tampa Bay Buccaneers,16,295,4345,925,4.7,26,14,244,274,473,2762,15,12,5.4,148,415,1583,12,3.8,75,88,669,21,28.1,11.4,
1998,Minnesota Vikings,16,296,5066,997,5.1,34,15,300,320,555,3452,17,19,5.8,171,404,1614,12,4,102,132,1167,27,25.1,17.5,
1998,Pittsburgh Steelers,16,303,4963,1002,5,29,13,266,268,482,3321,17,16,6.3,155,479,1642,8,3.4,88,106,854,23,27.7,15,
1998,New York Giants,16,309,5171,1051,4.9,26,7,286,282,521,3167,17,19,5.5,163,476,2004,13,4.2,103,124,967,20,25.8,13.5,
1998,Denver Broncos,16,309,4935,999,4.9,30,11,283,345,596,3648,28,19,5.7,183,356,1287,8,3.6,80,113,865,20,26.1,14.9,
1998,Seattle Seahawks,16,310,5689,1137,5,42,18,337,343,597,3690,18,24,5.7,197,487,1999,13,4.1,111,130,1157,29,27.6,19.6,
1998,Green Bay Packers,16,319,4507,980,4.6,23,10,246,296,540,3065,23,13,5.2,166,390,1442,7,3.7,67,94,828,13,28.8,12.5,
1998,Tennessee Oilers,16,320,5121,955,5.4,19,7,279,319,511,3511,24,12,6.5,170,414,1610,9,3.9,81,93,704,28,33.1,8,
1998,San Francisco 49ers,16,328,5343,1012,5.3,33,12,297,294,566,3733,25,21,6.1,178,395,1610,13,4.1,91,101,800,28,28.5,16,
1998,New England Patriots,16,329,5182,1053,4.9,31,7,305,336,570,3635,26,24,6,208,447,1547,8,3.5,76,104,787,21,32.8,16.4,
1998,Buffalo Bills,16,333,4691,950,4.9,31,13,283,294,532,3198,27,18,5.6,168,375,1493,11,4,79,104,836,36,29.1,14.9,
1998,Baltimore Ravens,16,335,5297,1050,5,23,6,298,316,539,3592,20,17,6.2,180,472,1705,12,3.6,90,122,1013,28,31.4,11.6,
1998,Jacksonville Jaguars,16,338,5559,1057,5.3,30,17,309,325,577,3559,23,13,5.9,178,450,2000,9,4.4,108,109,953,23,33.2,15,
1998,Los Angeles Chargers,16,342,4208,991,4.2,27,7,256,271,530,3068,21,20,5.4,149,422,1140,12,2.7,72,120,1005,35,27.5,12,
1998,Philadelphia Eagles,16,344,5136,1019,5,17,8,286,249,449,2720,18,9,5.5,133,528,2416,18,4.6,125,113,904,28,30.7,7.8,
1998,Oakland Raiders,16,356,4550,1020,4.5,35,14,273,291,497,2876,22,21,5.3,150,482,1674,8,3.5,95,115,921,28,26.9,14.5,
1998,New Orleans Saints,16,359,5668,1053,5.4,32,11,326,328,539,3968,24,21,6.8,208,467,1700,13,3.6,86,132,1164,32,32.6,16.6,
1998,Kansas City Chiefs,16,363,4854,1010,4.8,33,20,321,259,479,2985,17,13,5.8,146,491,1869,22,3.8,119,138,1292,56,30.1,14.5,
1998,Chicago Bears,16,368,5103,963,5.3,28,14,300,292,456,3228,27,14,6.7,155,479,1875,12,3.9,121,102,852,24,35.5,13.1,
1998,Detroit Lions,16,378,5117,1004,5.1,21,9,308,284,474,3015,23,12,5.8,167,487,2102,15,4.3,113,98,791,28,33.2,10.5,
1998,Los Angeles Rams,16,378,4880,1004,4.9,23,7,282,256,475,2831,28,16,5.4,161,479,2049,11,4.3,92,112,915,29,29,11.7,
1998,Arizona Cardinals,16,378,5265,1049,5,39,19,321,299,518,3276,21,20,5.9,177,492,1989,18,4,117,114,954,27,32.8,17.7,
1998,Carolina Panthers,16,413,5842,1029,5.7,33,14,315,298,501,3709,30,19,6.9,197,491,2133,14,4.3,95,110,892,23,39.9,15.5,
1998,Washington Redskins,16,421,5354,1057,5.1,21,8,303,281,493,2918,21,13,5.5,152,531,2436,24,4.6,127,95,824,24,37.2,8.8,
1998,Indianapolis Colts,16,444,5836,1043,5.6,19,11,341,275,461,3266,27,8,6.5,181,544,2570,20,4.7,131,108,917,29,39.7,10.3,
1998,Cincinnati Bengals,16,452,5763,992,5.8,20,7,310,233,406,3151,23,13,7.3,152,558,2612,23,4.7,142,127,1012,16,39.4,10.6,
1999,Jacksonville Jaguars,16,217,4334,951,4.6,30,11,248,291,521,2890,18,19,5,159,373,1444,6,3.9,72,93,728,17,21.5,14.7,
1999,Buffalo Bills,16,229,4045,950,4.3,21,9,244,269,506,2675,12,12,4.9,144,407,1370,9,3.4,73,97,790,27,23.5,11.2,
1999,Tampa Bay Buccaneers,16,235,4280,977,4.4,31,10,228,302,573,2873,11,21,4.7,144,361,1407,8,3.9,75,88,727,9,21.7,14.6,
1999,Los Angeles Rams,16,242,4698,991,4.7,36,7,263,319,596,3509,19,29,5.4,189,338,1189,4,3.5,53,114,1007,21,21.7,17.2,
1999,Dallas Cowboys,16,276,4840,997,4.9,33,9,266,297,545,3398,19,24,5.9,154,417,1442,6,3.5,81,107,862,31,26.3,16.2,
1999,Baltimore Ravens,16,277,4222,1040,4.1,31,10,260,328,599,2991,20,21,4.6,158,392,1231,6,3.1,70,122,1118,32,21.3,12.8,
1999,New England Patriots,16,284,4808,1048,4.6,31,15,281,293,520,3013,23,16,5.4,154,486,1795,6,3.7,106,102,775,21,26.2,14.1,
1999,Seattle Seahawks,16,298,5426,1104,4.9,36,6,313,320,582,3492,19,30,5.6,183,484,1934,9,4,107,128,985,23,27.9,17.3,
1999,New York Jets,16,309,5379,1030,5.2,35,11,299,319,574,3676,16,24,6.1,180,430,1703,16,4,97,76,685,22,29.9,18,
1999,Los Angeles Chargers,16,316,4905,1022,4.8,27,12,279,315,549,3584,24,15,6.1,181,432,1321,8,3.1,77,117,909,21,29.4,12.7,
1999,Denver Broncos,16,318,4753,961,4.9,26,11,267,273,471,3016,17,15,5.8,154,440,1737,15,3.9,88,114,1016,25,29.2,11.8,
1999,Pittsburgh Steelers,16,320,4884,953,5.1,28,14,260,245,463,2926,20,14,5.8,142,451,1958,10,4.3,92,101,813,26,25.9,13.5,
1999,Kansas City Chiefs,16,322,5039,1033,4.9,45,20,281,317,578,3482,24,25,5.6,173,415,1557,10,3.8,80,107,787,28,25,20.3,
1999,Detroit Lions,16,323,5291,1017,5.2,32,16,305,359,574,3760,21,16,6,185,393,1531,12,3.9,87,105,839,33,28.1,15.8,
1999,Tennessee Titans,16,324,5245,994,5.3,40,24,300,312,557,3695,26,16,6,193,383,1550,8,4,81,128,1010,26,24.9,18.3,
1999,Oakland Raiders,16,329,4880,981,5,33,13,266,302,539,3321,22,20,5.7,161,398,1559,10,3.9,85,114,861,20,29.3,16.2,
1999,Indianapolis Colts,16,333,5221,1008,5.2,23,13,304,328,561,3506,21,10,5.8,192,406,1715,12,4.2,92,130,1093,20,31.7,11.3,
1999,Minnesota Vikings,16,335,5597,1065,5.3,30,18,320,373,606,3980,20,12,6.1,213,413,1617,9,3.9,83,108,880,24,31.4,15.1,
1999,Miami Dolphins,16,336,4404,936,4.7,28,10,252,256,484,2928,19,18,5.6,145,413,1476,6,3.6,79,80,708,28,28.7,12.8,
1999,Chicago Bears,16,341,5704,1058,5.4,33,19,310,354,583,3822,23,14,6.2,196,438,1882,11,4.3,89,89,720,25,29.5,14,
1999,Green Bay Packers,16,341,5309,1040,5.1,41,15,304,304,538,3505,20,26,6.2,177,472,1804,16,3.8,103,99,993,24,30.1,18.4,
1999,Philadelphia Eagles,16,357,5462,1124,4.9,46,18,328,322,568,3461,22,28,5.7,171,519,2001,12,3.9,125,89,719,32,31.8,20.5,
1999,New York Giants,16,358,4981,990,5,24,7,270,295,511,3421,20,17,6.3,170,447,1560,13,3.5,81,92,750,19,29.7,12.5,
1999,Washington Redskins,16,377,5705,1068,5.3,37,13,322,328,589,3732,23,24,5.9,193,439,1973,16,4.5,107,102,1137,22,32.5,18.3,
1999,Atlanta Falcons,16,380,5223,995,5.2,18,6,293,274,468,3151,20,12,6.2,149,487,2072,18,4.3,111,126,980,33,34.6,9.7,
1999,Carolina Panthers,16,381,5503,1042,5.3,29,14,331,327,557,3605,26,15,6.1,189,450,1898,13,4.2,115,109,877,27,31.5,12.5,
1999,Arizona Cardinals,16,382,5422,1068,5.1,27,10,301,294,493,3157,25,17,6,157,542,2265,17,4.2,128,112,938,16,28.4,12.3,
1999,New Orleans Saints,16,434,5318,966,5.5,34,15,297,291,489,3544,34,19,6.6,170,432,1774,15,4.1,105,124,1006,22,32.8,16.2,
1999,Cleveland Browns,16,437,6046,1158,5.2,20,12,368,331,523,3310,17,8,6,187,610,2736,29,4.5,161,88,776,20,42,9.6,
1999,San Francisco 49ers,16,453,5687,979,5.8,20,7,315,317,521,4068,36,13,7.4,192,426,1619,11,3.8,91,96,760,32,39.8,9.7,
1999,Cincinnati Bengals,16,460,5497,1011,5.4,27,15,316,312,522,3798,28,12,6.8,189,454,1699,22,3.7,99,105,835,28,40.3,12.2,
2000,Baltimore Ravens,16,165,3967,924,4.3,49,26,216,295,528,2997,11,23,5.3,135,361,970,5,2.7,59,84,535,22,15.5,23.7,359.48
2000,Tennessee Titans,16,191,3813,908,4.2,30,13,215,242,466,2423,10,17,4.7,134,387,1390,7,3.6,62,97,778,19,18.1,13.8,208.33
2000,Miami Dolphins,16,226,4636,995,4.7,41,13,289,282,530,2900,13,28,5,156,417,1736,9,4.2,92,86,793,41,22.8,19.7,121.02
2000,Philadelphia Eagles,16,245,4820,1055,4.6,31,12,295,314,552,2990,11,19,5,159,453,1830,10,4,105,111,936,31,25.1,14.9,125.05
2000,New York Giants,16,246,4546,988,4.6,31,11,274,327,585,3390,23,20,5.4,181,359,1156,7,3.2,62,80,728,31,22.6,15.3,155.08
2000,Pittsburgh Steelers,16,255,4713,985,4.8,35,18,252,280,521,3020,13,17,5.4,153,425,1693,9,4,82,105,876,17,26.7,16.8,124.47
2000,Washington Redskins,16,269,4474,937,4.8,33,16,254,254,462,2621,12,17,5.2,134,430,1853,9,4.3,97,106,790,23,28.3,16.7,86.12
2000,Tampa Bay Buccaneers,16,269,4800,1047,4.6,41,16,283,339,594,3152,15,25,4.9,180,398,1648,12,4.1,84,95,688,19,24.1,19.7,141.19
2000,Oakland Raiders,16,299,5249,1014,5.2,37,16,320,359,588,3698,25,21,5.9,202,383,1551,8,4,85,117,912,33,26.9,18.7,106.37
2000,New Orleans Saints,16,305,4743,949,5,35,15,279,285,488,3071,17,20,5.5,159,395,1672,14,4.2,95,105,837,25,27.7,17.5,43.3
2000,Detroit Lions,16,307,5033,993,5.1,42,17,279,311,544,3210,16,25,5.6,159,421,1823,14,4.3,96,112,913,24,27.7,19.3,103.55
2000,Carolina Panthers,16,310,5656,1005,5.6,38,21,304,352,552,3712,19,17,6.4,184,426,1944,12,4.6,107,128,1073,13,28.7,19.1,26.32
2000,New York Jets,16,321,4820,1033,4.7,35,14,267,265,517,2932,17,21,5.3,152,476,1888,9,4,98,100,832,17,27.7,16.3,111.46
2000,Green Bay Packers,16,323,5069,1012,5,28,7,284,307,557,3451,28,21,5.8,186,417,1618,7,3.9,84,101,992,14,28.6,12.8,45.64
2000,Indianapolis Colts,16,326,5357,1018,5.3,22,8,310,317,530,3422,22,14,6,177,446,1935,13,4.3,109,103,820,24,31.1,11.7,-42.59
2000,Jacksonville Jaguars,16,327,4845,934,5.2,30,18,252,258,458,3160,23,12,6.3,144,436,1685,14,3.9,85,96,814,23,27.6,13.8,45.25
2000,New England Patriots,16,338,5353,1068,5,23,13,326,321,544,3522,23,10,6.1,184,495,1831,12,3.7,108,95,897,34,31.2,11.6,-25.74
2000,Buffalo Bills,16,350,4426,966,4.6,29,13,252,283,480,2867,18,16,5.5,153,444,1559,13,3.5,76,103,905,23,30.2,14.1,94.01
2000,Kansas City Chiefs,16,354,5280,1041,5.1,29,14,330,358,549,3471,25,15,5.8,201,441,1809,13,4.1,103,108,1020,26,30.3,14.4,0.51
2000,Chicago Bears,16,355,5234,1035,5.1,20,9,297,332,530,3407,25,11,6,172,469,1827,15,3.9,106,78,727,19,29.7,9.7,14.04
2000,Cincinnati Bengals,16,359,5487,1068,5.1,21,12,307,318,538,3562,26,9,6.3,182,504,1925,12,3.8,101,115,924,24,32.8,9.7,2.74
2000,Dallas Cowboys,16,361,5329,1021,5.2,25,9,309,277,458,2693,20,16,5.6,145,538,2636,17,4.9,137,108,999,27,34.2,12.5,-10.85
2000,Denver Broncos,16,369,5544,962,5.8,44,17,294,310,574,3946,26,27,6.4,189,344,1598,13,4.6,80,109,898,25,30.2,20.8,33.36
2000,Minnesota Vikings,16,371,5701,1011,5.6,18,10,344,369,584,3913,23,8,6.4,208,396,1788,17,4.5,110,104,747,26,38.2,9.4,-127.1
2000,Seattle Seahawks,16,405,6391,1019,6.3,29,12,331,309,489,3937,23,17,7.6,185,503,2454,20,4.9,126,96,694,20,38.4,15.1,-84.99
2000,Atlanta Falcons,16,413,5607,999,5.6,25,10,308,306,515,3624,23,15,6.6,175,453,1983,16,4.4,113,122,1010,20,37,12.5,-41.43
2000,Cleveland Browns,16,419,5643,1122,5,25,13,343,262,486,3138,18,12,5.9,169,594,2505,26,4.2,147,71,626,27,39.1,10.9,-63.56
2000,San Francisco 49ers,16,422,5709,1031,5.5,21,8,347,320,558,3915,25,13,6.6,194,435,1794,22,4.1,110,102,857,43,39.9,10.9,-106.95
2000,Los Angeles Chargers,16,440,4959,1061,4.7,22,6,312,326,552,3537,33,16,6,195,470,1422,10,3,76,106,851,41,35.2,9.5,42.37
2000,Arizona Cardinals,16,443,5737,1062,5.4,20,10,345,296,459,3128,19,10,6.5,175,578,2609,29,4.5,149,96,914,21,42.1,11.2,-101.68
2000,Los Angeles Rams,16,471,5494,968,5.7,25,6,321,323,534,3797,32,19,6.5,195,383,1697,18,4.4,95,101,747,31,40.9,12.4,-75.38
