Year,Tm,G,PF,Yds,Ply,Y/P,TO,FL,1stD,PCmp,PAtt,PYds,PTD,PInt,PNY/A,P1stD,RAtt,RYds,RTD,RY/A,R1stD,Pen,Yds,1stPy,Sc%,TO%,EXP
2001,Chicago Bears,16,203,4978,1023,4.9,37,17,277,355,602,3665,12,20,5.6,191,373,1313,6,3.5,71,97,808,15,18.7,18.7,168.01
2001,Philadelphia Eagles,16,208,4701,1017,4.6,33,19,262,288,517,2864,13,14,5.1,150,455,1837,6,4,88,85,741,24,21.1,14.1,163.9
2001,Pittsburgh Steelers,16,212,4137,919,4.5,28,12,254,295,525,2942,19,16,5.1,160,339,1195,5,3.5,70,71,585,24,18.5,13.5,152.39
2001,Baltimore Ravens,16,265,4446,1010,4.4,28,12,262,321,555,3035,16,16,5.1,161,410,1411,10,3.4,81,105,903,20,22.1,13.2,161.58
2001,Green Bay Packers,16,266,4937,1041,4.7,39,19,278,341,583,3168,14,20,5,176,406,1769,10,4.4,83,104,921,19,23.7,17.5,106.79
2001,New England Patriots,16,272,5352,1016,5.3,35,13,303,299,546,3497,15,22,6,171,429,1855,7,4.3,99,93,839,33,27.7,17.6,101.11
2001,Los Angeles Rams,16,273,4471,952,4.7,34,13,256,314,541,3097,16,21,5.3,153,366,1374,11,3.8,77,100,830,26,25.5,18.1,185.45
2001,Tampa Bay Buccaneers,16,280,4653,950,4.9,39,11,262,273,493,2951,20,28,5.5,156,415,1702,8,4.1,86,91,742,20,27.9,18.9,96.69
2001,San Francisco 49ers,16,282,4954,988,5,34,10,289,332,567,3383,18,24,5.6,179,389,1571,9,4,89,95,812,21,28.4,18.8,42.37
2001,Jacksonville Jaguars,16,286,5070,1056,4.8,24,12,300,354,544,3459,13,12,5.9,193,469,1611,15,3.4,89,96,834,18,28.9,11.8,60.71
2001,Miami Dolphins,16,290,4608,957,4.8,28,11,283,262,467,2829,22,17,5.6,148,453,1779,9,3.9,97,82,623,38,25.3,13.4,62.56
2001,New York Jets,16,295,5153,1030,5,39,19,284,313,516,2999,14,20,5.5,155,481,2154,15,4.5,116,85,700,13,28,20.9,47.55
2001,Washington Redskins,16,303,4846,982,4.9,34,11,271,262,473,2977,19,23,6,149,484,1869,10,3.9,103,83,672,19,27.9,16.8,84.96
2001,Cincinnati Bengals,16,309,4832,1013,4.8,28,15,281,311,512,3157,23,13,5.6,173,453,1675,10,3.7,86,101,837,22,27.8,13.1,77.73
2001,Cleveland Browns,16,319,5297,1089,4.9,42,9,295,309,552,3089,18,33,5.2,161,494,2208,11,4.5,112,103,779,22,26.5,20.1,129.54
2001,New York Giants,16,321,4975,995,5,28,13,268,298,521,3430,25,15,6,161,428,1545,7,3.6,83,100,695,24,27.6,13.6,63.94
2001,Los Angeles Chargers,16,321,4904,1025,4.8,31,12,290,317,535,3400,24,19,5.9,166,449,1504,10,3.3,99,79,632,25,30.2,15.1,50.54
2001,Seattle Seahawks,16,324,5206,1028,5.1,27,13,300,339,563,3485,20,14,5.8,186,427,1721,9,4,91,101,805,23,32.1,13.6,15.74
2001,Oakland Raiders,16,327,5071,1002,5.1,24,7,296,290,528,3083,16,17,5.4,166,433,1988,17,4.6,104,81,621,26,30.4,12,7.51
2001,Dallas Cowboys,16,338,4599,985,4.7,25,16,272,287,489,2889,20,9,5.6,160,472,1710,12,3.6,90,69,634,22,31.7,10.2,47.49
2001,Denver Broncos,16,339,4774,960,5,37,15,292,308,515,3282,23,22,5.9,176,406,1492,9,3.7,86,100,853,30,30.5,17.1,40.99
2001,Arizona Cardinals,16,343,5685,1071,5.3,24,7,319,337,556,3598,26,17,6.3,179,496,2087,10,4.2,124,110,980,16,31.6,11.8,-9.14
2001,Kansas City Chiefs,16,344,5304,1003,5.3,26,13,296,296,491,3164,19,13,6.1,167,481,2140,15,4.4,111,87,761,18,32.1,11.6,-11.48
2001,Atlanta Falcons,16,377,5845,957,6.1,30,12,298,331,515,3902,29,18,7.1,184,405,1943,13,4.8,95,97,852,19,33.9,15,-71.54
2001,Tennessee Titans,16,388,5515,996,5.5,24,11,300,328,559,4084,27,13,6.9,192,405,1431,17,3.5,79,88,832,29,34,11.3,-56.91
2001,Minnesota Vikings,16,390,5666,985,5.8,18,10,312,291,478,3367,16,8,6.6,166,477,2299,21,4.8,127,92,874,19,39.5,9,-63.95
2001,New Orleans Saints,16,409,5070,948,5.3,30,15,284,278,452,3355,30,15,6.6,169,443,1715,15,3.9,88,100,877,27,37.3,13.5,-12.39
2001,Carolina Panthers,16,410,5943,1057,5.6,36,12,304,306,510,3642,25,24,6.8,187,521,2301,13,4.4,106,96,793,11,31.7,16.6,-3.95
2001,Buffalo Bills,16,420,5292,969,5.5,19,8,302,284,453,3159,23,11,6.5,154,482,2133,20,4.4,122,93,835,26,39,9.3,-65.3
2001,Detroit Lions,16,424,5521,1015,5.4,22,6,321,312,514,3528,30,16,6.5,189,470,1993,15,4.2,99,95,896,33,34.2,10.7,-88.96
2001,Indianapolis Colts,16,486,5715,1004,5.7,25,10,323,311,509,3600,30,15,6.6,195,455,2115,20,4.6,108,96,759,20,41.5,11.4,-83.09
2002,Tampa Bay Buccaneers,16,196,4044,963,4.2,38,7,236,259,510,2490,10,31,4.5,131,410,1554,8,3.8,79,93,749,26,17.8,18.3,285.85
2002,Philadelphia Eagles,16,241,4754,1009,4.7,38,23,272,333,563,3094,18,15,5,160,390,1660,5,4.3,83,112,969,29,20.6,18,171.25
2002,New York Giants,16,279,4949,985,5,25,14,266,311,541,3119,17,11,5.4,162,407,1830,12,4.5,87,120,897,17,27,12.4,25.8
2002,Miami Dolphins,16,301,4656,974,4.8,30,9,285,294,520,3102,20,21,5.5,162,407,1554,9,3.8,86,106,826,37,30.3,14.4,82.46
2002,Carolina Panthers,16,302,4646,1022,4.5,33,16,271,293,522,2993,18,17,5.2,155,448,1653,12,3.7,95,98,782,21,25.5,14.2,137.99
2002,Oakland Raiders,16,304,4979,997,5,31,10,319,346,570,3526,21,21,5.8,189,384,1453,14,3.8,96,103,787,34,28.7,16.6,44.85
2002,Indianapolis Colts,16,313,4909,963,5.1,27,17,279,288,468,2917,19,10,5.8,148,459,1992,16,4.3,114,102,746,17,31.5,12.4,3.66
2002,Atlanta Falcons,16,314,5334,1002,5.3,39,15,288,285,514,3287,23,24,5.9,171,441,2047,12,4.6,97,112,920,20,27.9,19.5,41.54
2002,Jacksonville Jaguars,16,315,5335,1042,5.1,27,13,324,314,519,3264,19,14,5.9,188,487,2071,14,4.3,112,96,717,24,31.8,14.8,0.26
2002,Cleveland Browns,16,320,5348,1024,5.2,29,12,291,299,513,3269,20,17,6,164,483,2079,12,4.3,107,91,726,20,31.7,13.2,-12.96
2002,Tennessee Titans,16,324,4964,974,5.1,29,11,297,339,562,3540,27,18,5.9,197,372,1424,7,3.8,75,99,853,25,27.1,14.7,-2.71
2002,Green Bay Packers,16,328,4985,987,5.1,45,21,294,287,531,2987,24,24,5.2,143,413,1998,14,4.8,122,98,945,29,27.3,21.7,87.72
2002,Dallas Cowboys,16,329,5267,1079,4.9,30,11,291,334,574,3449,22,19,5.8,178,481,1818,10,3.8,90,119,919,23,28.2,13.9,61.73
2002,New York Jets,16,336,5463,1008,5.4,23,8,313,359,551,3490,17,15,6,178,427,1973,17,4.6,116,99,809,19,36.4,12.7,-46.65
2002,Denver Broncos,16,344,4826,985,4.9,22,13,298,360,566,3337,15,9,5.5,176,379,1489,21,3.9,100,99,829,22,34.5,10.7,-17.95
2002,Pittsburgh Steelers,16,345,4835,982,4.9,36,17,279,336,573,3460,19,19,5.6,178,359,1375,16,3.8,77,106,927,24,29.8,16.5,53.01
2002,New England Patriots,16,346,5377,1032,5.2,29,11,315,314,531,3179,23,18,5.6,158,467,2198,17,4.7,129,99,928,28,32.1,15.5,-5.88
2002,San Francisco 49ers,16,351,5158,978,5.3,27,8,307,340,552,3506,23,19,6,188,394,1652,14,4.2,96,82,681,23,34.9,14.8,-60.4
2002,Baltimore Ravens,16,354,5353,1077,5,31,6,316,360,573,3591,16,25,5.9,190,471,1762,17,3.7,95,104,874,31,32.5,15.7,28.14
2002,Houston Texans,16,356,5230,1056,5,21,11,291,281,512,3141,23,10,5.7,155,509,2089,14,4.1,116,102,955,20,29,8.6,36.85
2002,Washington Redskins,16,365,4787,1006,4.8,26,12,281,304,531,3033,19,14,5.3,155,435,1754,14,4,96,119,972,30,33.3,13,66.59
2002,Los Angeles Chargers,16,367,6034,1056,5.7,27,10,326,375,607,4295,26,17,6.6,205,410,1739,15,4.2,91,103,854,30,31.6,13.8,-35.47
2002,Los Angeles Rams,16,369,5025,944,5.3,26,14,282,292,461,3209,15,12,6.4,148,445,1816,15,4.1,105,99,755,29,30.9,14.4,21.59
2002,Seattle Seahawks,16,369,5852,1083,5.4,30,11,356,321,555,3411,21,19,5.9,191,500,2441,18,4.9,140,99,816,25,34.5,15.8,-63.07
2002,Chicago Bears,16,379,5606,1086,5.2,28,19,328,335,547,3530,24,9,6.1,185,504,2076,13,4.1,110,115,935,33,36.6,13.4,-2.94
2002,New Orleans Saints,16,388,5796,1071,5.4,38,18,327,343,593,3805,25,20,6,191,439,1991,18,4.5,108,110,953,28,33.7,18.4,-12.54
2002,Buffalo Bills,16,397,5189,999,5.2,19,9,303,281,495,3067,24,10,5.8,160,473,2122,20,4.5,107,117,1053,36,33.5,10.1,-27.36
2002,Kansas City Chiefs,16,399,6248,1081,5.8,31,13,367,403,616,4181,27,18,6.4,227,431,2067,19,4.8,120,100,827,20,39.6,16.5,-102.31
2002,Arizona Cardinals,16,417,6020,1046,5.8,25,8,335,335,535,3874,29,17,7,196,490,2146,17,4.4,117,111,969,22,36.4,12.3,-88.67
2002,Minnesota Vikings,16,442,5769,963,6,23,7,315,335,542,4103,33,16,7.2,198,394,1666,15,4.2,83,100,824,34,36.9,12.3,-87.24
2002,Detroit Lions,16,451,6117,1119,5.5,24,14,360,371,591,4150,27,10,6.7,221,495,1967,19,4,111,114,981,28,37.1,11.4,-77.49
2002,Cincinnati Bengals,16,456,5265,976,5.4,20,11,315,287,454,3262,30,9,6.8,182,498,2003,16,4,104,101,867,29,38.5,10.6,-60.43
2003,New England Patriots,16,238,4666,1060,4.4,41,12,293,328,618,3232,11,29,4.9,177,401,1434,10,3.6,91,107,845,25,23,19.5,178.4
2003,Dallas Cowboys,16,260,4056,937,4.3,25,12,228,239,492,2631,18,13,5,127,413,1425,7,3.5,68,88,763,33,23.4,11.2,126.79
2003,Miami Dolphins,16,261,4787,1014,4.7,36,14,283,319,529,3335,12,22,5.8,171,441,1452,11,3.3,82,98,766,30,25.3,17,118.27
2003,Tampa Bay Buccaneers,16,264,4466,962,4.6,33,13,249,274,475,2710,16,20,5.3,140,451,1756,6,3.9,89,104,817,20,25.4,16.4,132.5
2003,Buffalo Bills,16,279,4313,1010,4.3,18,8,270,285,508,2707,18,10,5,153,464,1606,11,3.5,92,110,996,25,26.9,9.3,77.5
2003,Baltimore Ravens,16,281,4341,1026,4.2,41,17,248,296,531,2805,19,24,4.9,144,448,1536,6,3.4,78,106,935,26,24.3,16.5,230.86
2003,Philadelphia Eagles,16,287,5307,1058,5,26,13,306,337,559,3236,17,13,5.4,171,461,2071,13,4.5,116,129,1105,19,27.8,13.4,54
2003,New York Jets,16,299,5319,1032,5.2,20,9,316,281,455,3025,14,11,6.2,168,542,2294,17,4.2,134,79,620,14,30.4,11.9,-28.62
2003,Denver Broncos,16,301,4433,910,4.9,20,11,241,265,495,2828,17,9,5.3,141,379,1605,11,4.2,77,137,1031,23,28.6,10.3,46.6
2003,Carolina Panthers,16,304,4725,996,4.7,26,10,274,299,522,3003,19,16,5.3,161,434,1722,10,4,83,111,1011,30,26.3,12.6,102.63
2003,Green Bay Packers,16,307,5101,1036,4.9,32,11,288,326,589,3400,18,21,5.5,172,413,1701,10,4.1,91,97,767,25,29.6,15.3,88.27
2003,Cleveland Browns,16,322,4959,994,5,22,7,283,297,502,2846,13,15,5.3,160,457,2113,14,4.6,100,141,1095,23,34.8,11.2,17.66
2003,Tennessee Titans,16,324,4901,926,5.3,34,13,275,332,546,3606,20,21,6.2,167,342,1295,10,3.8,79,96,793,29,29.8,16,102.05
2003,New Orleans Saints,16,326,5234,997,5.2,27,13,298,264,485,2993,20,14,5.8,165,480,2241,12,4.7,109,101,1012,24,31,13,9.16
2003,Pittsburgh Steelers,16,327,4783,968,4.9,25,11,270,294,484,3042,20,14,5.9,155,449,1741,14,3.9,89,96,709,26,28.2,12.3,66.22
2003,Seattle Seahawks,16,327,5239,1069,4.9,28,12,304,343,573,3480,24,16,5.7,183,456,1759,9,3.9,93,105,825,28,30.9,14.4,10.42
2003,Los Angeles Rams,16,328,5052,964,5.2,46,22,272,296,510,3072,23,24,5.6,164,412,1980,9,4.8,92,114,882,16,26.3,22.2,131.2
2003,Jacksonville Jaguars,16,331,4657,976,4.8,27,12,276,303,510,3251,23,15,6.1,172,442,1406,12,3.2,84,103,881,20,33,14.8,28.96
2003,Kansas City Chiefs,16,332,5707,1054,5.4,37,12,322,332,565,3363,19,25,5.6,184,453,2344,18,5.2,120,95,781,18,29.5,17.4,-26.07
2003,Indianapolis Colts,16,336,4789,913,5.2,30,15,279,277,445,2809,18,15,5.9,138,437,1980,19,4.5,117,123,1005,24,30.1,14.8,-4.71
2003,San Francisco 49ers,16,337,4928,976,5,37,14,292,310,514,3238,25,23,5.8,165,420,1690,13,4,99,78,720,28,29.4,16.6,32.82
2003,Chicago Bears,16,346,4947,992,5,20,5,289,326,525,3082,20,15,5.7,156,449,1865,13,4.2,104,93,746,29,34.4,9.7,10.22
2003,Minnesota Vikings,16,353,5356,955,5.6,35,7,316,311,531,3477,17,28,6.1,186,387,1879,22,4.9,94,90,720,36,33.7,19.1,8.5
2003,Washington Redskins,16,372,5412,1014,5.3,30,13,325,285,483,3195,23,17,6.3,176,504,2217,20,4.4,122,95,835,27,33,14.4,-40.06
2003,Oakland Raiders,16,379,5904,1036,5.7,25,11,317,286,467,3394,21,14,6.9,159,544,2510,21,4.6,127,115,981,31,35,11.5,-40.96
2003,Detroit Lions,16,379,5360,997,5.4,28,13,298,331,522,3578,26,15,6.5,166,447,1782,14,4,105,119,953,27,30.2,13.5,10.89
2003,Houston Texans,16,380,6082,1054,5.8,22,8,336,297,502,3712,22,14,7.1,179,533,2370,15,4.4,130,96,767,27,35.3,11.4,-74.86
2003,Cincinnati Bengals,16,384,5620,999,5.6,24,10,320,297,508,3402,23,14,6.3,177,461,2218,18,4.8,119,108,921,24,38.1,13.3,-74.9
2003,New York Giants,16,387,5320,1060,5,22,12,314,309,519,3412,25,10,6,178,496,1908,12,3.8,102,118,983,34,32.3,10.4,1.46
2003,Atlanta Falcons,16,422,6108,1043,5.9,31,16,333,323,508,3800,28,15,7,187,499,2308,21,4.6,122,130,1001,24,33.5,14.8,-31.4
2003,Los Angeles Chargers,16,441,5593,1072,5.2,20,7,326,322,524,3375,36,13,6.1,178,518,2218,12,4.3,124,110,1006,24,37.7,9.9,-61.42
2003,Arizona Cardinals,16,452,5504,993,5.5,23,10,326,311,497,3589,29,13,6.9,184,475,1915,17,4,120,86,754,22,36.8,12.4,-81.97
2004,Pittsburgh Steelers,16,251,4134,882,4.7,32,13,248,269,484,2835,14,19,5.4,146,357,1299,8,3.6,79,104,875,23,25.9,17.2,112.87
2004,New England Patriots,16,260,4972,988,5,36,16,290,315,538,3400,18,20,5.8,177,405,1572,9,3.9,83,118,1014,30,24,20,103.85
2004,Philadelphia Eagles,16,260,5115,1039,4.9,28,11,299,334,550,3212,16,17,5.4,165,442,1903,13,4.3,101,119,1001,33,25.1,13.1,46.14
2004,New York Jets,16,261,4878,966,5,33,14,282,289,497,3312,21,19,6.2,169,432,1566,8,3.6,87,86,720,26,25.3,16.9,55.74
2004,Washington Redskins,16,265,4281,974,4.4,26,8,251,294,515,2977,17,18,5.4,153,419,1304,7,3.1,67,97,797,31,20.7,12.6,130.16
2004,Baltimore Ravens,16,268,4803,1009,4.8,34,13,272,276,501,3122,14,21,5.8,158,469,1681,9,3.6,88,101,796,26,24.6,16.6,171.7
2004,Jacksonville Jaguars,16,280,5134,972,5.3,28,12,290,306,497,3357,18,16,6.3,181,438,1777,7,4.1,83,118,966,26,26.4,16.1,0.68
2004,Buffalo Bills,16,284,4228,978,4.3,39,15,258,261,486,2624,20,24,4.9,150,447,1604,6,3.6,79,120,865,29,27.6,19.3,147.87
2004,Denver Broncos,16,304,4459,918,4.9,20,8,235,272,484,2947,17,12,5.6,130,396,1512,16,3.8,83,120,1062,22,28.1,9.9,50.52
2004,Tampa Bay Buccaneers,16,304,4552,961,4.7,27,11,258,247,436,2579,21,16,5.4,131,480,1973,8,4.1,101,112,897,26,26.2,13.4,91.42
2004,Los Angeles Chargers,16,313,5360,991,5.4,33,10,320,372,607,4053,19,23,6.4,200,355,1307,15,3.7,79,109,940,41,29.5,17.5,-7.48
2004,Arizona Cardinals,16,322,5141,993,5.2,30,15,282,271,505,3036,18,15,5.6,153,450,2105,12,4.7,101,139,1121,28,27.1,14.8,82.16
2004,Chicago Bears,16,331,5390,1046,5.2,29,12,302,287,515,3340,23,17,6.1,165,496,2050,9,4.1,109,120,914,28,26.9,13.4,126.31
2004,Atlanta Falcons,16,337,5207,999,5.2,32,13,310,328,517,3526,19,19,6.2,183,434,1681,20,3.9,107,129,930,20,29.7,16.8,21.44
2004,Houston Texans,16,339,5458,971,5.6,30,8,304,344,530,3615,32,22,6.5,194,417,1843,4,4.4,89,123,979,21,32.6,16.9,10.75
2004,Carolina Panthers,16,339,5382,1021,5.3,38,12,307,303,513,3478,18,26,6.4,177,474,1904,19,4,98,117,1078,32,30.5,19.8,18.01
2004,New York Giants,16,347,5187,1005,5.2,28,14,310,292,467,3030,28,14,6,170,498,2157,13,4.3,112,120,1007,28,31.9,14.7,8.03
2004,Detroit Lions,16,350,5401,1071,5,24,10,320,328,535,3514,29,14,6.1,167,498,1887,10,3.8,118,114,976,35,29.6,12.2,-9.84
2004,Indianapolis Colts,16,351,5929,1042,5.7,36,17,331,364,557,3892,26,19,6.5,209,440,2037,12,4.6,103,116,877,19,35.4,18.5,-55.12
2004,Miami Dolphins,16,354,4894,1009,4.9,25,10,281,244,434,2592,20,15,5.5,139,539,2302,12,4.3,107,107,852,35,25.4,11.2,43.16
2004,Cincinnati Bengals,16,372,5365,1031,5.2,36,16,303,313,520,3303,23,20,5.9,158,474,2062,11,4.4,123,106,887,22,31.8,16.4,66.27
2004,Seattle Seahawks,16,373,5621,1047,5.4,35,12,311,340,559,3590,24,23,6,191,452,2031,17,4.5,102,91,748,18,35.2,18.1,-17.63
2004,Green Bay Packers,16,380,5541,967,5.7,15,7,307,314,518,3663,33,8,6.6,181,409,1878,12,4.6,92,112,942,34,34.3,7.7,-85.43
2004,Cleveland Browns,16,390,5215,1024,5.1,28,13,307,277,460,2901,17,15,5.9,144,532,2314,22,4.3,141,109,890,22,32.3,12.3,15.16
2004,Los Angeles Rams,16,392,5353,1006,5.3,15,9,311,292,492,3174,24,6,6,172,480,2179,13,4.5,118,109,827,21,37.6,7.7,-62.19
2004,Minnesota Vikings,16,395,5902,1018,5.8,22,11,350,338,544,3896,30,11,6.7,220,435,2006,15,4.6,110,110,974,20,41.6,13.3,-126.1
2004,Dallas Cowboys,16,405,5285,960,5.5,22,9,297,310,502,3521,31,13,6.6,180,425,1764,14,4.2,88,104,879,29,35.7,10.8,-63.44
2004,New Orleans Saints,16,405,6141,1067,5.8,33,20,343,324,545,3888,24,13,6.7,193,485,2253,16,4.6,118,119,965,32,36.6,16.5,-73.12
2004,Kansas City Chiefs,16,435,6037,960,6.3,21,8,327,312,522,4203,32,13,7.5,190,397,1834,18,4.6,97,117,957,40,38.8,10.9,-104.89
2004,Tennessee Titans,16,439,5724,977,5.9,30,12,318,333,524,3807,29,18,6.8,189,421,1917,18,4.6,99,95,774,30,36.5,14.6,-57.22
2004,Oakland Raiders,16,442,5936,1072,5.5,18,9,367,315,510,3924,30,9,7.3,210,537,2012,21,3.7,115,102,837,42,37.2,9.8,-122.14
2004,San Francisco 49ers,16,452,5481,1014,5.4,21,12,322,308,490,3486,27,9,6.7,179,495,1995,22,4,121,107,867,22,37.9,9.7,-58.51
2005,Chicago Bears,16,202,4509,1034,4.4,34,10,259,313,550,2872,10,24,4.9,153,443,1637,9,3.7,83,118,1016,23,19.7,15.3,196.94
2005,Indianapolis Colts,16,247,4913,953,5.2,31,13,269,343,509,3151,17,18,5.7,163,398,1762,9,4.4,91,119,857,15,26.9,18,65.56
2005,Denver Broncos,16,258,5006,985,5.1,36,16,295,344,613,3643,20,20,5.7,183,344,1363,10,4,82,139,989,30,25,18.2,58.76
2005,Pittsburgh Steelers,16,258,4544,998,4.6,30,15,275,315,549,3168,15,15,5.3,179,402,1376,10,3.4,75,120,1031,21,27.1,14.9,108.45
2005,Carolina Panthers,16,259,4522,981,4.6,42,19,262,305,528,3057,15,23,5.3,160,408,1465,9,3.6,72,128,1045,30,25.1,19.8,148.53
2005,Jacksonville Jaguars,16,269,4655,963,4.8,28,9,273,285,482,2946,22,19,5.6,158,434,1709,4,3.9,79,130,1055,36,24.9,14.1,75.61
2005,Seattle Seahawks,16,271,5069,1041,4.9,27,11,295,331,571,3559,18,16,5.7,194,420,1510,5,3.6,78,123,909,23,30.5,12.8,94.82
2005,Tampa Bay Buccaneers,16,274,4444,950,4.7,30,13,254,275,476,2929,15,17,5.7,148,438,1515,10,3.5,75,108,830,31,27.7,15.2,116.24
2005,Washington Redskins,16,293,4767,981,4.9,28,12,258,291,535,3081,15,16,5.4,158,411,1686,15,4.1,74,105,879,26,26.5,13.8,102.07
2005,Baltimore Ravens,16,299,4549,998,4.6,26,15,277,296,525,2958,18,11,5.2,161,431,1591,8,3.7,79,110,844,37,28.9,12.6,94.99
2005,Cleveland Browns,16,301,5069,1021,5,23,8,292,279,471,2867,19,15,5.8,161,527,2202,11,4.2,116,97,716,15,32.4,11.7,19.76
2005,Dallas Cowboys,16,308,4814,946,5.1,26,11,256,271,495,3083,18,15,5.8,150,414,1731,13,4.2,87,142,1015,19,27.4,13.2,67.68
2005,Los Angeles Chargers,16,312,4948,999,5,20,10,306,338,567,3599,20,10,5.9,189,386,1349,14,3.5,90,110,831,27,28.7,10.1,18.64
2005,New York Giants,16,314,5240,1049,5,37,20,302,329,580,3584,20,17,5.8,189,428,1656,12,3.9,83,136,1180,30,26.5,17,69.01
2005,Miami Dolphins,16,317,5078,1078,4.7,31,17,319,323,549,3307,23,14,5.5,183,480,1771,11,3.7,94,105,827,42,29.6,13.3,38.26
2005,Kansas City Chiefs,16,325,5249,971,5.4,31,15,292,325,559,3679,25,16,6.3,189,383,1570,11,4.1,84,90,805,19,31.6,15.8,14.01
2005,New England Patriots,16,338,5283,997,5.3,18,8,306,296,527,3703,25,10,6.6,179,437,1580,11,3.6,94,132,1068,33,33,9.3,-3.08
2005,Atlanta Falcons,16,341,5200,1001,5.2,29,13,319,320,526,3137,18,16,5.6,167,438,2063,18,4.7,122,114,981,30,32.1,14.7,11.85
2005,Minnesota Vikings,16,344,5173,1029,5,35,11,304,319,533,3332,23,24,5.9,177,462,1841,14,4,96,137,990,31,34.4,15.9,19.54
2005,Green Bay Packers,16,344,4690,969,4.8,21,11,280,252,430,2680,22,10,5.8,143,504,2010,10,4,107,98,975,30,31.8,10.9,42.22
2005,Detroit Lions,16,345,5158,1006,5.1,31,12,308,295,487,3118,19,19,6,166,488,2040,15,4.2,109,130,953,33,31.5,16.8,17.49
2005,Cincinnati Bengals,16,350,5419,976,5.6,44,13,321,324,519,3569,21,31,6.5,185,429,1850,16,4.3,109,110,985,27,34.6,23.5,-26.11
2005,New York Jets,16,355,4940,1047,4.7,28,7,321,284,463,2755,17,21,5.6,151,554,2185,19,3.9,136,115,981,34,35.9,15.2,10.15
2005,Buffalo Bills,16,367,5496,1030,5.3,30,13,343,314,503,3291,19,17,6.1,169,489,2205,22,4.5,146,124,904,28,33.9,16.4,-63.78
2005,Oakland Raiders,16,383,5292,1029,5.1,19,14,299,296,486,3243,18,5,6.2,165,507,2049,18,4,100,101,825,34,38.6,10.3,-36.22
2005,Arizona Cardinals,16,387,4729,936,5.1,26,11,272,301,488,3097,17,15,5.9,158,411,1632,22,4,83,103,819,31,30.3,13.1,50.3
2005,Philadelphia Eagles,16,388,5206,1038,5,27,10,290,297,503,3323,24,17,6.2,171,506,1883,15,3.7,91,112,910,28,29.2,11.5,47.06
2005,New Orleans Saints,16,398,4994,946,5.3,19,9,281,241,418,2849,20,10,6.4,145,503,2145,16,4.3,103,127,985,33,37.4,9.5,-34.26
2005,Tennessee Titans,16,421,5110,960,5.3,20,11,294,296,470,3216,33,9,6.3,180,449,1894,12,4.2,89,95,718,25,33.8,9.7,-27.15
2005,San Francisco 49ers,16,428,6259,1090,5.7,26,10,335,374,576,4427,28,16,7.3,205,486,1832,19,3.8,115,120,961,15,37.8,10.9,-53.2
2005,Los Angeles Rams,16,429,5602,1007,5.6,27,14,321,314,507,3424,26,13,6.2,178,459,2178,22,4.7,116,117,1066,27,38.3,12.4,-52.2
2005,Houston Texans,16,431,5824,1012,5.8,16,9,348,304,469,3521,24,7,7,188,506,2303,21,4.6,123,105,846,37,42,7.5,-139.29
2006,Baltimore Ravens,16,201,4225,936,4.5,40,12,236,279,509,3011,16,28,5.3,151,367,1214,5,3.3,59,79,580,26,19.5,20,217.06
2006,New England Patriots,16,237,4710,950,5,35,13,264,294,518,3203,10,22,5.7,164,388,1507,11,3.9,67,102,918,33,23.6,18.7,83.85
2006,Chicago Bears,16,255,4706,1023,4.6,44,20,258,328,581,3116,18,24,5,159,402,1590,7,4,77,132,1084,22,20.6,19.6,193.59
2006,Jacksonville Jaguars,16,274,4538,978,4.6,24,4,259,294,523,3078,12,20,5.5,143,420,1460,14,3.5,94,80,684,22,23,12.8,87.75
2006,Miami Dolphins,16,283,4625,1005,4.6,27,19,267,279,497,3007,22,8,5.5,166,461,1618,7,3.5,72,91,724,29,27.1,12.8,76.02
2006,New York Jets,16,295,5306,1020,5.2,25,9,312,316,532,3222,19,16,5.7,181,453,2084,14,4.6,111,105,843,20,28,13.7,-18.88
2006,Los Angeles Chargers,16,303,4825,985,4.9,28,12,285,307,538,3212,19,16,5.4,178,386,1613,13,4.2,87,87,751,20,28.8,13.6,53.3
2006,Denver Broncos,16,305,5220,1020,5.1,30,13,291,327,538,3407,13,17,5.9,183,446,1813,13,4.1,97,97,785,11,32.6,14.7,51.32
2006,Carolina Panthers,16,305,4737,990,4.8,22,8,267,291,500,3000,22,14,5.5,149,449,1737,10,3.9,96,89,735,22,28.7,10.8,46.96
2006,Buffalo Bills,16,311,5273,1029,5.1,24,11,298,324,513,3019,18,13,5.5,168,476,2254,14,4.7,117,90,709,13,28.9,11.8,23.82
2006,Pittsburgh Steelers,16,315,4805,976,4.9,29,9,269,319,529,3393,21,20,6,176,408,1412,9,3.5,72,104,862,21,27.7,15.4,69.71
2006,Kansas City Chiefs,16,315,5262,999,5.3,30,15,298,314,506,3334,18,15,6.2,171,461,1928,14,4.2,109,85,709,18,31.9,14.8,11.63
2006,New Orleans Saints,16,322,4917,930,5.3,19,8,262,267,474,2854,26,11,5.6,148,418,2063,10,4.9,96,89,674,18,26.5,9,-9.4
2006,Minnesota Vikings,16,327,4803,977,4.9,36,15,272,355,599,3818,15,21,6.1,192,348,985,9,2.8,53,112,899,27,30.2,16.7,104.77
2006,Atlanta Falcons,16,328,5325,994,5.4,26,14,313,321,515,3668,20,12,6.6,183,442,1657,14,3.7,97,99,799,33,31.8,13.4,-8.19
2006,Philadelphia Eagles,16,328,5249,1054,5,29,10,314,309,525,3067,17,19,5.4,154,489,2182,12,4.5,126,96,795,34,30.1,15.1,41.88
2006,Cincinnati Bengals,16,331,5681,1038,5.5,31,12,337,349,555,3818,24,19,6.5,206,448,1863,15,4.2,109,97,836,22,30.6,14.5,-30.17
2006,Oakland Raiders,16,332,4557,986,4.6,23,5,267,245,410,2413,17,18,5.4,137,542,2144,15,4,107,85,665,23,33.3,11.6,57.4
2006,Seattle Seahawks,16,341,5285,986,5.4,26,14,277,299,504,3256,23,12,6,160,441,2029,12,4.6,102,118,950,15,29.6,11.7,32.41
2006,Dallas Cowboys,16,350,5165,974,5.3,31,13,294,301,511,3506,25,18,6.4,179,429,1659,12,3.9,88,93,895,27,32.2,15.3,-8.01
2006,Tampa Bay Buccaneers,16,353,5271,1015,5.2,20,9,300,301,493,3354,26,11,6.5,174,497,1917,11,3.9,108,83,658,18,31.7,10.2,-8.93
2006,Cleveland Browns,16,356,5515,1041,5.3,27,9,303,283,499,3242,20,18,6.2,178,514,2273,14,4.4,107,84,678,18,31.1,14,-0.78
2006,Indianapolis Colts,16,360,5316,959,5.5,26,11,325,266,415,2548,16,15,5.8,150,519,2768,20,5.3,150,86,667,25,38.5,16.7,-35.94
2006,New York Giants,16,362,5479,1057,5.2,28,11,314,333,567,3649,21,17,6.1,189,458,1830,19,4,106,97,771,19,33.2,15,12.33
2006,Houston Texans,16,366,5400,979,5.5,22,11,312,328,505,3444,22,11,6.5,174,446,1956,16,4.4,115,96,792,23,37.5,13.1,-43.48
2006,Green Bay Packers,16,366,5134,1002,5.1,33,10,291,286,515,3309,25,23,5.9,169,441,1825,12,4.1,95,97,710,27,31.8,16.4,59.6
2006,Washington Redskins,16,376,5688,997,5.7,12,6,301,289,486,3491,30,6,6.9,169,492,2197,9,4.5,104,94,856,28,38.5,5.6,-114.28
2006,Los Angeles Rams,16,381,5362,962,5.6,32,15,313,266,451,3035,21,17,6.3,164,477,2327,21,4.9,121,92,835,28,34.7,17,-53.41
2006,Arizona Cardinals,16,389,5591,1018,5.5,33,17,331,321,522,3694,21,16,6.6,186,458,1897,16,4.1,114,95,815,31,37.6,18.2,-0.16
2006,Detroit Lions,16,398,5530,1033,5.4,30,18,319,339,511,3520,22,12,6.5,183,492,2010,18,4.1,111,102,869,25,37.8,15.1,-42.31
2006,Tennessee Titans,16,400,5915,1062,5.6,28,11,329,335,530,3602,24,17,6.5,181,506,2313,20,4.6,121,102,906,27,37.6,13.2,-55.91
2006,San Francisco 49ers,16,412,5507,1025,5.4,27,13,326,331,518,3571,25,14,6.5,189,473,1936,18,4.1,107,87,703,30,39,13.9,-48.01
2007,Indianapolis Colts,16,262,4475,980,4.6,37,15,288,325,498,2764,16,22,5.3,162,454,1711,10,3.8,111,85,722,15,25.3,21.6,42.77
2007,Pittsburgh Steelers,16,269,4262,933,4.6,25,14,249,292,536,2824,22,11,4.9,158,361,1438,6,4,74,73,556,17,26.3,13.1,86.45
2007,Tampa Bay Buccaneers,16,270,4451,977,4.6,35,19,258,297,490,2725,18,16,5.2,158,454,1726,11,3.8,93,86,706,7,24.2,18.7,87.4
2007,New England Patriots,16,274,4613,933,4.9,31,12,278,314,526,3041,23,19,5.3,172,360,1572,7,4.4,91,96,764,15,24,16.6,47.8
2007,Los Angeles Chargers,16,284,5124,1013,5.1,48,18,297,338,555,3412,20,30,5.7,185,416,1712,11,4.1,89,86,665,23,23.8,22.7,86.33
2007,Green Bay Packers,16,291,5013,994,5,28,9,297,295,534,3366,23,19,5.9,176,424,1647,6,3.9,77,118,908,44,29.1,13.2,65.77
2007,Seattle Seahawks,16,291,5149,1035,5,34,14,278,333,568,3505,15,20,5.7,183,422,1644,16,3.9,78,99,756,17,25.5,15.9,118.05
2007,Tennessee Titans,16,297,4665,978,4.8,34,12,268,349,569,3187,21,22,5.2,165,369,1478,11,4,80,90,745,23,27.3,15.8,56.4
2007,Philadelphia Eagles,16,300,4982,979,5.1,19,8,279,312,539,3449,16,11,6,177,403,1533,10,3.8,80,81,616,22,30.5,10.2,26.05
2007,Jacksonville Jaguars,16,304,5021,970,5.2,30,10,286,319,543,3416,20,20,5.9,181,390,1605,12,4.1,92,82,636,13,29.2,17,0.71
2007,Washington Redskins,16,310,4884,1026,4.8,24,10,291,351,602,3424,20,14,5.4,174,391,1460,10,3.7,89,88,684,28,29.5,12.4,57.1
2007,Minnesota Vikings,16,311,5410,1063,5.1,31,16,305,415,646,4225,22,15,6.2,222,379,1185,7,3.1,67,110,763,16,29.7,16.1,75.52
2007,Dallas Cowboys,16,325,4922,1008,4.9,29,10,304,342,581,3409,19,19,5.4,195,381,1513,12,4,86,85,785,23,30.8,14.8,30.87
2007,Kansas City Chiefs,16,335,5111,980,5.2,22,8,278,276,462,3022,17,14,6.1,156,481,2089,11,4.3,104,95,695,18,32.1,10.9,50.59
2007,Carolina Panthers,16,347,5197,1032,5,30,16,302,337,537,3426,22,14,6.1,174,472,1771,13,3.8,100,100,904,28,32.3,14.6,13.43
2007,Chicago Bears,16,348,5675,1036,5.5,33,17,305,343,541,3708,19,16,6.4,185,454,1967,17,4.3,100,92,670,20,28.5,15,32.48
2007,New York Giants,16,351,4880,984,5,25,10,288,306,523,3317,24,15,5.8,185,408,1563,12,3.8,83,118,874,20,29.5,12.4,44.99
2007,Buffalo Bills,16,354,5807,1047,5.5,30,12,322,354,567,3814,19,18,6.4,203,454,1993,15,4.4,104,73,567,15,36,16.3,-42.83
2007,New York Jets,16,355,5310,1016,5.2,21,6,315,289,470,3154,18,15,6.3,174,517,2156,14,4.2,128,93,761,13,36.1,12.4,-49.32
2007,San Francisco 49ers,16,364,5539,1078,5.1,22,10,308,345,543,3643,24,12,6.3,187,504,1896,9,3.8,94,89,661,27,32.5,10.7,1.62
2007,Cleveland Browns,16,382,5753,1066,5.4,27,10,335,340,578,3681,29,17,6.1,211,460,2072,8,4.5,100,80,581,24,36.9,13.4,-28.56
2007,Baltimore Ravens,16,384,4825,968,5,23,6,258,293,490,3557,27,17,6.8,162,446,1268,9,2.8,69,84,728,27,37.2,10.7,18.1
2007,Houston Texans,16,384,5507,994,5.5,25,14,325,361,546,3682,25,11,6.4,197,417,1825,15,4.4,107,81,614,21,38.9,12,-71.53
2007,Cincinnati Bengals,16,385,5580,1011,5.5,35,16,313,353,540,3687,29,19,6.6,200,449,1893,11,4.2,98,88,712,15,35.9,18.8,-14.52
2007,New Orleans Saints,16,388,5570,964,5.8,23,10,288,327,524,3924,32,13,7.1,196,408,1646,7,4,80,89,685,12,36.3,12.1,-24.68
2007,Oakland Raiders,16,398,5466,952,5.7,26,8,292,261,439,3132,17,18,6.7,156,486,2334,24,4.8,121,99,734,15,34.6,12.6,-20.06
2007,Arizona Cardinals,16,399,5283,1013,5.2,29,11,298,361,570,3716,26,18,6.1,185,407,1567,13,3.9,90,118,881,23,34.9,14.6,42.21
2007,Denver Broncos,16,409,5376,992,5.4,30,16,306,279,458,3094,25,14,6.3,168,501,2282,14,4.6,119,82,628,19,37.5,16.5,-48.77
2007,Atlanta Falcons,16,414,5688,1042,5.5,28,12,320,336,536,3655,27,16,6.5,190,481,2033,12,4.2,105,91,808,25,35.8,13.4,-46.58
2007,Miami Dolphins,16,437,5475,983,5.6,22,8,318,242,409,3019,28,14,6.9,165,544,2456,18,4.5,129,73,604,24,42.5,11.5,-111.46
2007,Los Angeles Rams,16,438,5457,999,5.5,27,9,316,318,523,3613,25,18,6.5,190,445,1844,16,4.1,105,95,732,21,39.8,13.1,-38.15
2007,Detroit Lions,16,444,6042,1087,5.6,35,18,363,422,602,4131,32,17,6.5,221,448,1911,19,4.3,116,113,897,26,35.2,18.1,-60.86
2008,Pittsburgh Steelers,16,223,3795,974,3.9,29,9,240,301,533,2511,12,20,4.3,149,390,1284,7,3.3,73,91,801,18,22.9,14.4,207.33
2008,Tennessee Titans,16,234,4698,1022,4.6,31,11,276,342,575,3196,12,20,5.2,166,403,1502,12,3.7,81,93,750,29,23.2,15.5,106.35
2008,Baltimore Ravens,16,244,4177,928,4.5,34,8,228,276,528,2875,17,26,5.1,152,366,1302,4,3.6,58,114,792,18,21.5,17.4,245
2008,Philadelphia Eagles,16,289,4389,994,4.4,29,14,248,284,525,2913,19,15,5.1,144,421,1476,7,3.5,79,81,598,25,25.3,13.6,169.75
2008,New York Giants,16,294,4672,931,5,22,5,268,296,503,3139,17,17,5.8,165,386,1533,14,4,78,111,866,25,28.9,12.1,28.74
2008,Washington Redskins,16,296,4621,933,5,18,5,259,290,511,3095,16,13,5.8,159,398,1526,12,3.8,86,80,639,14,29.5,10.2,27.77
2008,Indianapolis Colts,16,298,4975,983,5.1,26,11,305,329,481,3009,6,15,5.9,165,472,1966,18,4.2,119,68,543,21,37.3,17,-31.05
2008,New England Patriots,16,309,4944,920,5.4,22,8,268,288,474,3222,27,14,6.4,176,415,1722,8,4.1,78,81,636,14,30.6,12.9,-23.69
2008,Miami Dolphins,16,317,5264,979,5.4,30,12,296,320,551,3644,18,18,6.2,173,388,1620,11,4.2,96,86,615,27,35.2,16.4,-8.97
2008,Tampa Bay Buccaneers,16,323,4898,945,5.2,30,8,259,276,475,2997,23,22,5.9,153,441,1901,8,4.3,87,88,660,19,30.7,14.6,77.11
2008,Atlanta Falcons,16,325,5566,998,5.6,18,8,309,325,549,3526,20,10,6,189,415,2040,17,4.9,108,109,854,12,32,9,-46.95
2008,Carolina Panthers,16,329,5299,1026,5.2,25,13,296,333,557,3387,19,12,5.7,178,432,1912,14,4.4,100,88,736,18,30.8,12.4,8.47
2008,Minnesota Vikings,16,333,4679,946,4.9,25,13,255,324,530,3449,15,12,6,163,371,1230,10,3.3,72,109,1002,20,27.7,12.6,79.68
2008,Buffalo Bills,16,342,5217,971,5.4,22,12,293,301,492,3271,14,10,6.3,167,455,1946,18,4.3,113,72,540,13,36.9,11.2,1.03
2008,Los Angeles Chargers,16,347,5599,1041,5.4,24,9,339,411,605,3958,25,15,6.3,213,408,1641,11,4,98,78,708,28,35.5,13,-51.55
2008,Chicago Bears,16,350,5355,1087,4.9,32,10,314,383,622,3859,21,22,5.9,208,437,1496,16,3.4,93,100,827,13,30.4,14,57.29
2008,Cleveland Browns,16,350,5704,1004,5.7,31,8,315,286,446,3273,19,23,7.1,176,541,2431,16,4.5,125,95,770,14,31.6,17.5,-41.83
2008,New York Jets,16,356,5270,1020,5.2,30,16,315,368,572,3752,23,14,6.1,209,407,1518,10,3.7,86,93,663,20,33.3,16.9,24.32
2008,Cincinnati Bengals,16,364,5208,1013,5.1,24,12,296,315,506,3287,23,12,6.3,169,490,1921,15,3.9,106,102,772,21,32.6,12,-4.81
2008,Dallas Cowboys,16,365,4709,969,4.9,22,14,276,308,508,3003,19,8,5.3,163,402,1706,11,4.2,85,87,601,28,36.8,10.8,29.16
2008,Jacksonville Jaguars,16,367,5295,922,5.7,17,4,289,297,465,3586,25,13,7.3,166,428,1709,14,4,98,80,691,25,38.8,9.4,-70.01
2008,Green Bay Packers,16,380,5349,1003,5.3,28,6,295,287,518,3244,22,22,6,141,458,2105,20,4.6,121,89,721,33,34.9,14.1,7.01
2008,San Francisco 49ers,16,381,5216,1027,5.1,18,6,293,331,545,3507,22,12,6.1,170,452,1709,14,3.8,104,111,869,19,38.6,9.8,-17.81
2008,Oakland Raiders,16,388,5775,1045,5.5,24,8,325,266,471,3220,20,16,6.4,166,542,2555,23,4.7,129,74,633,30,34.4,11.5,-81.16
2008,Seattle Seahawks,16,392,6048,1058,5.7,20,11,324,366,566,4149,25,9,6.9,207,457,1899,13,4.2,98,81,671,19,40.1,10.2,-68.09
2008,New Orleans Saints,16,393,5432,999,5.4,22,7,299,299,526,3547,21,15,6.4,180,445,1885,14,4.2,100,84,637,19,39.7,11.5,-64.42
2008,Houston Texans,16,394,5385,935,5.8,22,10,300,294,471,3423,24,12,6.9,167,439,1962,18,4.5,114,81,659,19,38.3,12,-85.98
2008,Arizona Cardinals,16,426,5304,993,5.3,30,17,312,323,517,3540,36,13,6.5,172,445,1764,13,4,117,98,816,23,38.7,15.5,-36.28
2008,Kansas City Chiefs,16,440,6291,1041,6,29,16,344,348,522,3748,21,13,7,195,509,2543,25,5,133,81,588,16,43.6,15.5,-83.5
2008,Denver Broncos,16,448,5993,990,6.1,13,7,327,333,495,3656,20,6,7,186,469,2337,26,5,122,83,738,19,46.4,7.7,-156.99
2008,Los Angeles Rams,16,465,5950,975,6.1,26,14,320,278,444,3475,20,12,7.3,158,501,2475,26,4.9,146,89,654,16,41.6,13,-91.58
2008,Detroit Lions,16,517,6470,1009,6.4,20,16,350,303,443,3716,25,4,7.9,188,536,2754,31,5.1,147,91,753,15,45.3,8.4,-199.77
2009,New York Jets,16,236,4037,953,4.2,31,14,237,259,501,2459,8,17,4.6,128,420,1578,11,3.8,87,87,680,22,20.3,14.4,167.56
2009,Dallas Cowboys,16,250,5054,979,5.2,21,10,286,344,572,3606,19,11,5.9,186,365,1448,7,4,74,93,768,26,24.3,11.6,17.95
2009,Baltimore Ravens,16,261,4808,991,4.9,32,10,280,306,524,3316,17,22,6,164,435,1492,8,3.4,82,88,741,34,26.3,16.7,89.9
2009,San Francisco 49ers,16,281,5222,1050,5,33,15,278,352,580,3670,14,18,5.9,176,426,1552,12,3.6,77,114,969,25,26.7,15.5,100.26
2009,New England Patriots,16,285,5123,941,5.4,28,10,289,300,512,3355,25,18,6.2,193,398,1768,6,4.4,80,91,780,16,25.1,14,5.99
2009,Cincinnati Bengals,16,291,4822,980,4.9,25,6,276,318,547,3249,18,19,5.6,165,399,1573,12,3.9,95,99,767,16,28.6,13.5,40.59
2009,Green Bay Packers,16,297,4551,948,4.8,40,10,272,294,540,3218,29,30,5.6,168,371,1333,5,3.6,68,107,914,36,25.3,21,100.99
2009,Indianapolis Colts,16,307,5427,1084,5,26,10,320,372,583,3403,19,16,5.5,203,467,2024,10,4.3,106,92,889,11,33,14,11.11
2009,Carolina Panthers,16,308,5053,976,5.2,37,15,290,305,495,3056,14,22,5.8,155,450,1997,15,4.4,109,82,632,26,26.5,19.3,65.07
2009,Minnesota Vikings,16,312,4888,940,5.2,24,13,271,341,535,3494,26,11,6,183,357,1394,5,3.9,63,109,902,25,28.2,11.7,59.48
2009,Los Angeles Chargers,16,320,5232,991,5.3,25,11,309,326,534,3348,23,14,5.9,177,422,1884,10,4.5,112,103,795,20,34.5,14.3,-6.45
2009,Denver Broncos,16,324,5040,1007,5,30,13,290,298,510,2981,18,17,5.4,167,458,2059,11,4.5,99,78,726,24,31.4,15.7,47.16
2009,Pittsburgh Steelers,16,324,4885,967,5.1,22,10,274,319,548,3447,22,12,5.8,186,372,1438,7,3.9,70,102,903,18,28.7,12.4,23.67
2009,Atlanta Falcons,16,325,5582,997,5.6,28,13,303,335,536,3871,25,15,6.9,197,433,1711,10,4,89,110,892,17,32.2,15.2,-41.5
2009,Arizona Cardinals,16,325,5543,1038,5.3,29,8,289,346,593,3739,22,21,5.9,188,402,1804,13,4.5,81,104,840,20,27.6,13.8,-14.09
2009,Buffalo Bills,16,326,5449,1086,5,33,5,310,295,519,2948,14,28,5.4,157,535,2501,19,4.7,134,107,919,19,28.6,16.7,37.4
2009,Houston Texans,16,333,5198,974,5.3,27,13,300,344,548,3487,19,14,6,175,396,1711,17,4.3,91,92,728,34,30.8,13.2,2.2
2009,Washington Redskins,16,336,5115,1000,5.1,17,6,280,314,511,3316,19,11,6,176,449,1799,10,4,85,98,763,19,33.7,9.6,13.42
2009,Philadelphia Eagles,16,337,5137,1037,5,38,13,295,354,580,3462,27,25,5.5,179,413,1675,11,4.1,81,104,789,35,29.9,17.3,46.71
2009,New Orleans Saints,16,341,5724,1044,5.5,39,13,310,330,574,3769,15,26,6.2,175,435,1955,19,4.5,111,86,717,24,31.4,18,32.38
2009,Cleveland Browns,16,375,6229,1072,5.8,19,9,336,313,526,3915,22,10,6.9,189,506,2314,15,4.6,120,101,812,27,36,8.6,-86.06
2009,Chicago Bears,16,375,5404,1033,5.2,28,15,312,341,531,3382,29,13,6,186,467,2022,14,4.3,105,88,744,21,35.2,13.5,-18.8
2009,Oakland Raiders,16,379,5791,1023,5.7,20,12,314,259,438,3303,16,8,7,158,548,2488,24,4.5,126,86,684,30,36.3,7.8,-79.49
2009,Jacksonville Jaguars,16,380,5637,982,5.7,25,10,307,345,510,3774,28,15,7.2,191,458,1863,12,4.1,100,64,498,16,38.1,14.3,-88.38
2009,Miami Dolphins,16,390,5589,968,5.8,21,6,297,281,489,3754,23,15,7,184,435,1835,16,4.2,88,73,589,25,38.7,11.3,-56.71
2009,Seattle Seahawks,16,390,5703,1024,5.6,23,10,305,374,568,3927,27,13,6.6,204,428,1776,17,4.1,80,111,971,21,33.7,10.7,-42.16
2009,Tampa Bay Buccaneers,16,400,5849,1039,5.6,29,10,324,301,482,3318,28,19,6.5,171,529,2531,16,4.8,129,80,731,24,36.8,14.2,-47.54
2009,Tennessee Titans,16,402,5850,1038,5.6,27,7,323,404,604,4139,31,20,6.5,210,402,1711,16,4.3,89,94,724,24,36.3,13.7,-64.31
2009,Kansas City Chiefs,16,424,6211,1062,5.8,28,13,318,302,509,3707,25,15,7,178,531,2504,18,4.7,122,106,821,18,35.8,13.4,-26.92
2009,New York Giants,16,427,5198,953,5.5,24,11,308,314,498,3425,31,13,6.5,182,423,1773,21,4.2,103,88,678,23,38.5,11.5,-68.81
2009,Los Angeles Rams,16,436,5965,1016,5.9,20,12,333,315,491,3764,22,8,7.3,182,500,2201,24,4.4,127,80,613,24,35.3,10.3,-109.37
2009,Detroit Lions,16,494,6274,1029,6.1,23,14,332,371,545,4249,35,9,7.4,213,458,2025,18,4.4,95,113,944,24,43.8,10.4,-122.27
2010,Pittsburgh Steelers,16,232,4429,974,4.5,35,14,272,363,593,3425,15,21,5.3,182,333,1004,5,3,61,86,716,29,25.7,17.3,121.7
2010,Green Bay Packers,16,240,4945,969,5.1,32,8,270,296,527,3107,16,24,5.4,163,395,1838,6,4.7,82,98,758,25,25.3,16.5,114.57
2010,Baltimore Ravens,16,270,5102,1007,5.1,27,8,284,349,596,3599,22,19,5.8,187,384,1503,5,3.9,79,117,984,18,29.2,13.5,58.34
2010,Chicago Bears,16,286,5029,1002,5,35,14,282,363,582,3588,14,21,5.8,183,386,1441,14,3.7,88,93,790,11,25,17.9,112.99
2010,Atlanta Falcons,16,288,5319,957,5.6,31,9,284,364,560,3625,23,22,6.1,183,366,1694,9,4.6,87,116,1003,14,26.1,16.1,-21.42
2010,New York Jets,16,304,4664,979,4.8,30,18,272,269,531,3210,24,12,5.6,169,408,1454,11,3.6,70,74,679,33,26.4,13.9,64.52
2010,New Orleans Saints,16,307,4900,948,5.2,25,16,273,306,494,3103,13,9,5.9,150,421,1797,13,4.3,94,88,701,29,31.8,12.7,4.21
2010,New England Patriots,16,313,5864,1056,5.6,38,13,348,388,611,4136,25,25,6.4,226,409,1728,10,4.2,99,84,687,23,30.7,21,-40.87
2010,Tampa Bay Buccaneers,16,318,5323,991,5.4,28,9,307,307,521,3216,23,19,5.9,171,444,2107,12,4.7,118,79,676,18,29.4,14.7,-5.86
2010,Los Angeles Chargers,16,322,4345,939,4.6,23,7,247,285,488,2845,18,16,5.3,153,404,1500,14,3.7,77,97,769,17,26.1,12.5,87.49
2010,Kansas City Chiefs,16,326,5283,1028,5.1,23,9,293,319,581,3519,23,14,5.7,186,408,1764,11,4.3,88,111,922,19,28.1,10.9,21.63
2010,Los Angeles Rams,16,328,5388,1017,5.3,26,12,304,328,570,3578,21,14,5.8,191,404,1810,7,4.5,88,126,1008,25,33,12.6,26.43
2010,Cleveland Browns,16,332,5601,1041,5.4,28,9,317,309,507,3531,26,19,6.6,195,505,2070,7,4.1,102,85,741,20,34.1,15.3,-35.43
2010,Miami Dolphins,16,333,4949,988,5,19,8,264,288,502,3348,22,11,6.2,166,447,1601,8,3.6,84,85,730,14,31.5,9.9,27.56
2010,Tennessee Titans,16,339,5883,1139,5.2,25,8,356,410,625,4032,23,17,6.1,214,474,1851,7,3.9,107,114,1039,35,37.7,13.1,-25.38
2010,San Francisco 49ers,16,346,5244,1033,5.1,22,7,299,358,550,3697,25,15,6.3,188,447,1547,9,3.5,86,97,839,25,31.8,11.3,26.7
2010,New York Giants,16,347,4990,974,5.1,39,23,263,308,539,3370,24,16,5.8,159,389,1620,11,4.2,88,107,899,16,28.7,18.3,88.79
2010,Minnesota Vikings,16,348,5002,977,5.1,26,11,276,333,529,3367,25,15,6,178,417,1635,10,3.9,87,98,786,11,28.8,12.5,23.8
2010,Detroit Lions,16,369,5497,1005,5.5,29,15,320,330,518,3498,23,14,6.2,187,443,1999,18,4.5,98,106,854,35,31.3,13.5,-19.29
2010,Oakland Raiders,16,371,5165,991,5.2,24,12,292,249,470,3027,29,12,5.9,150,474,2138,14,4.5,98,117,1161,44,31.2,9.3,3.78
2010,Washington Redskins,16,377,6228,1051,5.9,27,13,326,367,578,4187,23,14,6.9,207,444,2041,15,4.6,106,104,839,13,32.5,12.3,-27.45
2010,Philadelphia Eagles,16,377,5235,998,5.2,34,11,309,309,536,3469,31,23,6,185,423,1766,12,4.2,91,87,724,33,31.4,17,-27.95
2010,Indianapolis Colts,16,388,5465,1010,5.4,21,11,314,356,535,3433,22,10,6.1,190,445,2032,14,4.6,111,95,812,13,37,10.5,-39.77
2010,Cincinnati Bengals,16,395,5312,957,5.6,26,10,290,326,514,3469,21,16,6.4,170,416,1843,15,4.4,97,95,776,23,35.2,13.2,-28.78
2010,Seattle Seahawks,16,407,5897,1074,5.5,22,10,313,339,585,3994,31,12,6.4,206,452,1903,13,4.2,91,91,706,16,35.9,9.9,-65.11
2010,Carolina Panthers,16,408,5374,1060,5.1,29,12,328,326,526,3393,19,17,6.1,176,503,1981,20,3.9,121,90,765,31,35.2,14.3,3.87
2010,Jacksonville Jaguars,16,419,5949,948,6.3,18,5,316,329,506,4004,28,13,7.5,197,416,1945,19,4.7,98,85,748,21,40.2,9.8,-130.22
2010,Buffalo Bills,16,425,5786,1071,5.4,22,11,335,294,473,3072,28,11,6.1,179,571,2714,18,4.8,138,85,634,18,39.3,10.5,-69.55
2010,Houston Texans,16,427,6031,1010,6,18,5,352,354,547,4280,33,13,7.4,211,433,1751,16,4,113,105,851,28,40.2,10.3,-162.85
2010,Arizona Cardinals,16,434,5977,1092,5.5,30,13,339,324,533,3654,22,17,6.5,178,526,2323,19,4.4,123,108,894,38,39.7,13.2,-1.98
2010,Dallas Cowboys,16,436,5628,977,5.8,30,10,309,348,540,3894,33,20,6.8,200,402,1734,11,4.3,84,79,641,25,36.7,15.4,-44.1
2010,Denver Broncos,16,471,6253,1056,5.9,18,8,334,297,502,3780,26,10,7.2,184,531,2473,26,4.7,126,98,921,24,40.7,8,-123.14
2011,Pittsburgh Steelers,16,227,4348,964,4.5,15,4,264,289,530,2751,15,11,4.9,156,399,1597,7,4,82,96,777,26,26,8.3,35.32
2011,San Francisco 49ers,16,229,4931,974,5.1,38,15,267,333,579,3695,20,23,6,190,353,1236,3,3.5,53,98,867,24,23.3,18.7,95.67
2011,Baltimore Ravens,16,266,4622,1002,4.6,26,11,269,288,535,3140,11,15,5.4,166,419,1482,10,3.5,79,103,1032,24,26.6,13.8,133.31
2011,Houston Texans,16,278,4571,960,4.8,27,10,270,279,538,3035,18,17,5.2,166,378,1536,8,4.1,73,88,686,31,29.8,13.8,99.11
2011,Cleveland Browns,16,307,5318,1035,5.1,20,11,301,265,469,2959,16,9,5.9,149,534,2359,12,4.4,124,90,726,28,33.3,11.5,-17.46
2011,Miami Dolphins,16,313,5522,1043,5.3,19,3,310,350,590,3992,24,16,6.3,198,412,1530,8,3.7,88,112,975,24,29.7,8.7,10.24
2011,Seattle Seahawks,16,315,5315,1049,5.1,31,9,310,324,543,3518,18,22,6.1,174,473,1797,10,3.8,96,96,907,40,28.6,14.8,54.83
2011,Tennessee Titans,16,317,5682,1080,5.3,23,12,324,369,591,3629,21,11,5.9,187,461,2053,10,4.5,111,99,812,26,31,12.3,-2.54
2011,Cincinnati Bengals,16,323,5060,1009,5,22,12,284,319,539,3385,21,10,5.8,170,425,1675,14,3.9,94,101,878,20,28.5,11,32.41
2011,Philadelphia Eagles,16,328,5198,982,5.3,24,9,289,301,518,3397,27,15,6,173,414,1801,11,4.4,84,97,813,32,27.7,12.3,20.35
2011,Jacksonville Jaguars,16,329,5008,979,5.1,28,11,268,326,513,3341,21,17,6.1,175,435,1667,14,3.8,73,105,895,20,29.2,13.3,53.14
2011,Kansas City Chiefs,16,338,5333,991,5.4,26,6,291,257,454,3221,23,20,6.7,169,508,2112,14,4.2,96,108,834,26,31.9,13.8,9.95
2011,New Orleans Saints,16,339,5895,1010,5.8,16,7,326,362,626,4157,24,9,6.3,196,351,1738,11,5,92,109,912,38,34.1,8.8,-68.42
2011,Chicago Bears,16,341,5607,1048,5.4,31,11,291,383,631,4065,22,20,6.1,199,384,1542,10,4,75,98,719,17,30.5,14.3,61.1
2011,New England Patriots,16,342,6577,1064,6.2,34,11,370,386,619,4703,26,23,7.1,245,405,1874,13,4.6,101,115,907,24,32.6,17.1,-84.74
2011,Dallas Cowboys,16,347,5491,972,5.6,25,10,305,336,545,3906,24,15,6.7,199,385,1585,10,4.1,78,85,650,28,33.3,13.3,-24.08
2011,Arizona Cardinals,16,348,5682,1095,5.2,19,9,333,340,578,3696,17,10,6,174,475,1986,15,4.2,118,122,950,41,32.8,9.3,-0.21
2011,Atlanta Falcons,16,350,5338,965,5.5,29,10,292,340,560,3786,25,19,6.4,186,372,1552,10,4.2,87,101,843,19,32.2,15,-18.44
2011,Green Bay Packers,16,359,6585,1049,6.3,38,7,358,390,637,4796,29,31,7.2,246,383,1789,10,4.7,96,122,948,16,33.9,20.2,-64.58
2011,New York Jets,16,363,4993,993,5,31,12,272,275,507,3216,15,19,5.9,167,451,1777,17,3.9,83,110,966,22,29.3,13.9,89.9
2011,Washington Redskins,16,367,5437,988,5.5,21,8,295,308,509,3553,22,13,6.5,180,438,1884,15,4.3,95,123,1006,20,37.4,10.5,-24.19
2011,Los Angeles Chargers,16,377,5546,958,5.8,21,4,311,299,478,3591,29,17,7,186,448,1955,8,4.4,102,92,760,23,36.5,12.4,-75.29
2011,Detroit Lions,16,387,5881,1055,5.6,34,13,325,376,604,3831,26,21,5.9,195,410,2050,10,5,91,119,982,39,32.4,16.2,-12.71
2011,Denver Broncos,16,390,5725,1063,5.4,18,9,315,333,534,3704,24,9,6.4,182,488,2021,11,4.1,101,99,845,32,33,7.8,-47.98
2011,New York Giants,16,400,6022,1072,5.6,31,11,338,361,589,4082,28,20,6.4,210,435,1940,15,4.5,103,110,933,25,34.7,14.8,-60.46
2011,Los Angeles Rams,16,407,5734,1033,5.6,18,6,313,293,484,3301,21,12,6.3,166,510,2433,17,4.8,122,111,951,25,35.9,8.9,-51
2011,Carolina Panthers,16,429,6042,972,6.2,24,10,329,318,490,3949,28,14,7.6,191,451,2093,18,4.6,110,98,901,28,42.7,12.9,-127.3
2011,Indianapolis Colts,16,430,5935,1062,5.6,17,9,343,351,493,3632,25,8,7,193,540,2303,19,4.3,136,84,804,14,39.2,9.1,-89.35
2011,Oakland Raiders,16,433,6201,1070,5.8,26,8,369,324,601,4023,31,18,6.3,206,430,2178,15,5.1,105,120,982,58,35.6,12.8,-101.71
2011,Buffalo Bills,16,434,5938,1003,5.9,31,11,340,321,507,3714,30,20,6.9,196,467,2224,19,4.8,120,85,871,24,37,15.3,-87.55
2011,Minnesota Vikings,16,449,5731,1027,5.6,23,15,332,367,538,4019,34,8,6.8,213,439,1712,10,3.9,92,97,834,27,41.1,10.8,-81.04
2011,Tampa Bay Buccaneers,16,494,6311,1002,6.3,24,10,356,301,481,3814,30,14,7.6,188,498,2497,26,5,135,95,786,33,42.9,13,-160
2012,Seattle Seahawks,16,245,4899,968,5.1,31,13,295,327,564,3250,15,18,5.4,186,368,1649,8,4.5,80,102,902,29,27.2,16,27.33
2012,San Francisco 49ers,16,273,4710,1012,4.7,25,11,284,337,567,3203,19,14,5.3,178,407,1507,7,3.7,72,93,758,34,26.7,12.8,25.05
2012,Chicago Bears,16,277,5050,1021,4.9,44,20,286,350,592,3423,19,24,5.4,186,388,1627,6,4.2,75,78,704,25,25.1,20.5,124.14
2012,Denver Broncos,16,289,4652,1015,4.6,24,8,287,321,559,3194,25,16,5.2,183,404,1458,5,3.6,73,123,951,31,26.9,11.9,91.32
2012,Atlanta Falcons,16,299,5849,991,5.9,31,11,298,337,551,3878,14,20,6.7,189,411,1971,16,4.8,99,83,641,10,31.7,17.2,-42.48
2012,Pittsburgh Steelers,16,314,4413,951,4.6,20,10,273,299,523,2963,19,10,5.3,169,391,1450,9,3.7,78,100,882,26,30.8,10.4,37.01
2012,Miami Dolphins,16,317,5708,1073,5.3,16,6,320,353,600,3974,18,10,6.2,215,431,1734,10,4,79,121,1045,26,32.2,8.2,-21.88
2012,Cincinnati Bengals,16,320,5115,1034,4.9,30,16,307,346,560,3400,16,14,5.6,183,423,1715,13,4.1,99,90,779,25,29.3,14.1,51.85
2012,New England Patriots,16,331,5972,1046,5.7,41,21,340,369,594,4342,27,20,6.9,207,415,1630,10,3.9,100,101,932,33,30.1,20.4,-21.24
2012,Houston Texans,16,331,5172,1015,5.1,29,14,292,308,581,3612,29,15,5.8,167,390,1560,5,4,94,90,863,31,28,14.5,53.85
2012,Green Bay Packers,16,336,5388,1033,5.2,23,5,308,313,568,3492,24,18,5.7,191,418,1896,12,4.5,83,123,1055,34,33.2,11.8,-34.23
2012,Baltimore Ravens,16,344,5615,1086,5.2,25,12,326,335,557,3650,15,13,6.1,187,492,1965,15,4,105,107,929,34,34.9,12,-10.19
2012,New York Giants,16,344,6134,1016,6,35,14,317,341,534,4068,26,21,7.2,196,449,2066,9,4.6,104,102,900,17,35.4,17.1,-46.92
2012,Los Angeles Rams,16,348,5482,1041,5.3,21,4,327,362,547,3602,16,17,6,197,442,1880,18,4.3,107,90,758,23,34.6,10.8,-1.27
2012,Minnesota Vikings,16,348,5600,1083,5.2,22,12,345,391,612,3908,28,10,6,229,427,1692,10,4,82,111,949,34,33.7,11.8,-52.32
2012,Los Angeles Chargers,16,350,5223,1012,5.2,28,14,316,347,568,3681,28,14,6.1,201,406,1542,10,3.8,85,102,798,30,31.3,13.7,7.02
2012,Arizona Cardinals,16,357,5405,1041,5.2,33,11,288,270,497,3213,20,22,6,160,506,2192,12,4.3,107,100,810,21,27,14.2,73.31
2012,Carolina Panthers,16,363,5329,1010,5.3,23,12,326,371,555,3568,22,11,6,196,416,1761,11,4.2,98,86,711,32,38.6,11.9,-38.02
2012,Cleveland Browns,16,368,5821,1095,5.3,29,12,345,378,600,3923,27,17,6.1,203,457,1898,14,4.2,104,120,1008,38,30.7,14.6,-33.76
2012,New York Jets,16,375,5174,1019,5.1,23,12,293,266,494,3036,20,11,5.8,161,495,2138,17,4.3,96,109,805,36,30.6,11.4,8.59
2012,Indianapolis Colts,16,387,5988,995,6,15,3,325,334,535,3788,23,12,6.7,190,428,2200,14,5.1,102,128,1208,33,38.3,8.3,-111.63
2012,Washington Redskins,16,388,6043,1031,5.9,31,10,340,393,636,4511,31,21,6.8,223,363,1532,11,4.2,89,100,811,28,38.3,16.9,-72.09
2012,Tampa Bay Buccaneers,16,394,6078,1031,5.9,26,8,329,410,627,4758,30,18,7.3,226,377,1320,13,3.5,75,103,851,28,32.8,12.5,-58.96
2012,Dallas Cowboys,16,400,5687,986,5.8,16,9,317,320,511,3684,22,7,6.8,195,441,2003,17,4.5,92,89,726,30,38.9,8,-94.29
2012,Kansas City Chiefs,16,425,5704,973,5.9,13,6,301,279,464,3533,29,7,7.2,176,482,2171,11,4.5,106,81,670,19,40.4,6.2,-112.39
2012,Buffalo Bills,16,435,5806,1042,5.6,21,9,349,306,536,3473,25,12,6.1,182,470,2333,23,5,136,80,693,31,37.1,10.8,-101.64
2012,Detroit Lions,16,437,5458,998,5.5,17,6,305,346,544,3569,26,11,6.2,167,420,1889,13,4.5,107,93,789,31,36.8,8.4,-78.91
2012,Oakland Raiders,16,443,5672,995,5.7,19,8,304,347,526,3775,28,11,6.9,180,444,1897,18,4.3,95,101,925,29,41.2,9.1,-98.96
2012,Jacksonville Jaguars,16,444,6088,1100,5.5,23,11,364,341,535,3832,21,12,6.9,194,545,2256,19,4.1,133,101,820,37,39.8,11,-117.47
2012,Philadelphia Eagles,16,444,5491,994,5.5,13,5,317,292,485,3470,33,8,6.7,178,479,2021,11,4.2,108,118,996,31,39,6.6,-87.34
2012,New Orleans Saints,16,454,7042,1089,6.5,26,11,380,370,602,4681,31,15,7.4,236,457,2361,18,5.2,116,102,835,28,39.6,13,-124.99
2012,Tennessee Titans,16,471,5999,1086,5.5,24,5,358,374,564,3964,31,19,6.6,210,483,2035,16,4.2,122,86,717,26,39.8,12.6,-57.4
2013,Seattle Seahawks,16,231,4378,990,4.4,39,11,282,309,524,2752,16,28,4.8,156,422,1626,4,3.9,83,98,879,43,24.7,19.4,149.91
2013,Carolina Panthers,16,241,4820,975,4.9,30,10,278,375,563,3429,17,20,5.5,178,352,1391,4,4,70,84,753,30,28.7,16.3,72.19
2013,San Francisco 49ers,16,272,5071,1020,5,30,12,284,345,585,3536,19,18,5.7,181,397,1535,11,3.9,77,96,878,26,26.2,13.1,72.63
2013,New Orleans Saints,16,304,4891,943,5.2,19,7,274,304,507,3105,20,12,5.6,168,387,1786,11,4.6,82,91,750,24,30.4,10.5,4.34
2013,Kansas City Chiefs,16,305,5885,1067,5.5,36,15,303,334,592,3962,25,21,6.2,189,428,1923,9,4.5,88,112,852,26,27.5,15.7,35.7
2013,Cincinnati Bengals,16,305,4888,1042,4.7,31,11,282,362,614,3344,22,20,5.1,178,385,1544,6,4,72,69,692,32,27.4,15.2,92.93
2013,Arizona Cardinals,16,324,5079,1042,4.9,30,10,309,367,625,3728,29,20,5.5,208,370,1351,5,3.7,68,111,960,33,28.9,13.7,77.66
2013,Miami Dolphins,16,335,5750,1106,5.2,24,6,327,344,580,3752,17,18,6,192,484,1998,14,4.1,114,95,748,21,33.5,11.9,-4.44
2013,Indianapolis Colts,16,336,5713,1026,5.6,27,12,319,324,536,3711,21,15,6.4,191,448,2002,14,4.5,101,112,990,27,31.7,13.7,-75.62
2013,New England Patriots,16,338,5969,1118,5.3,29,12,338,336,589,3824,25,17,6,208,481,2145,11,4.5,110,110,951,20,29.6,13.3,-19.08
2013,Los Angeles Chargers,16,348,5864,959,6.1,17,6,327,364,548,4139,23,11,7.1,208,376,1725,14,4.6,98,100,850,21,36.1,9.6,-113.64
2013,Baltimore Ravens,16,352,5368,1032,5.2,24,8,284,314,552,3681,25,16,6.2,176,440,1687,7,3.8,79,126,1196,29,31.4,10.3,28.23
2013,Los Angeles Rams,16,364,5520,1014,5.4,29,15,337,355,521,3874,21,14,6.7,203,440,1646,18,3.7,87,105,978,47,31,14.7,-34
2013,Pittsburgh Steelers,16,370,5395,1036,5.2,20,10,303,329,569,3546,21,10,5.9,174,433,1849,18,4.3,106,92,798,23,35.3,10.5,12.67
2013,Detroit Lions,16,376,5546,982,5.6,22,7,290,338,572,3950,24,15,6.5,197,377,1596,10,4.2,62,87,681,31,35.7,11.1,-12.27
2013,Tennessee Titans,16,381,5407,1027,5.3,25,12,329,344,545,3612,15,13,6.2,191,446,1795,21,4,108,95,779,30,35.8,13.2,-19.97
2013,Philadelphia Eagles,16,382,6304,1150,5.5,31,12,368,408,670,4636,25,19,6.6,239,443,1668,12,3.8,100,106,855,29,32.7,15.3,-19.45
2013,New York Giants,16,383,5316,1089,4.9,29,12,327,361,601,3573,21,17,5.6,198,454,1743,12,3.8,101,105,904,28,31,13,63.34
2013,New York Jets,16,387,5359,1048,5.1,15,2,293,345,586,3947,26,13,6.3,198,421,1412,9,3.4,68,92,833,27,35.4,7.3,-11.08
2013,Buffalo Bills,16,388,5334,1089,4.9,30,7,308,310,561,3271,28,23,5.3,170,471,2063,10,4.4,98,108,931,40,32.2,14,68.83
2013,Tampa Bay Buccaneers,16,389,5568,1020,5.5,31,10,324,352,547,3806,30,21,6.5,190,438,1762,10,4,95,105,1012,39,38,15,-32.43
2013,Denver Broncos,16,399,5696,1074,5.3,26,9,339,357,613,4070,29,17,6.2,208,420,1626,15,3.9,90,97,807,41,32.5,12.6,-37.26
2013,Cleveland Browns,16,406,5319,1107,4.8,21,7,328,363,605,3538,29,14,5.5,197,462,1781,13,3.9,103,95,745,28,34,9.9,-8.9
2013,Houston Texans,16,428,5081,970,5.2,11,4,282,287,484,3123,29,7,6.1,158,454,1958,11,4.3,88,103,809,36,36.1,5.7,-40.35
2013,Green Bay Packers,16,428,5956,1015,5.9,22,11,330,332,539,3956,30,11,6.8,190,432,2000,16,4.6,116,99,883,24,38.9,12.2,-111.62
2013,Dallas Cowboys,16,432,6645,1094,6.1,28,13,388,403,623,4589,33,15,7,231,437,2056,17,4.7,122,112,875,35,39.7,13.8,-113.29
2013,Atlanta Falcons,16,443,6070,1003,6.1,21,11,326,341,516,3897,31,10,7.1,196,455,2173,14,4.8,102,104,885,28,45.1,11.4,-123.26
2013,Jacksonville Jaguars,16,449,6070,1089,5.6,21,10,353,354,551,3962,29,11,6.8,200,507,2108,20,4.2,121,87,729,32,38.1,10.7,-85.38
2013,Oakland Raiders,16,453,5819,1029,5.7,22,13,330,374,549,4092,33,9,7,202,442,1727,15,3.9,100,87,686,28,38.6,9.5,-94.75
2013,Washington Redskins,16,478,5665,993,5.7,26,10,329,337,514,3896,29,16,7.1,204,443,1769,23,4,102,83,697,23,36.7,13.1,-51.25
2013,Chicago Bears,16,478,6313,1021,6.2,28,9,353,315,507,3730,25,19,6.9,184,483,2583,22,5.3,147,69,647,22,42.7,15.2,-111.23
2013,Minnesota Vikings,16,480,6362,1132,5.6,20,8,368,419,648,4595,37,12,6.7,247,443,1767,14,4,101,100,1003,20,39.6,9.1,-125.25
2014,Seattle Seahawks,16,254,4274,924,4.6,24,11,277,313,507,2970,17,13,5.5,175,380,1304,8,3.4,70,70,613,32,26.9,12.3,50.43
2014,Kansas City Chiefs,16,281,5288,1024,5.2,14,8,310,318,545,3252,22,6,5.5,184,433,2036,4,4.7,108,107,851,18,32.6,6.7,-5.79
2014,Detroit Lions,16,282,4815,984,4.9,27,7,310,383,592,3706,23,20,5.8,209,350,1109,8,3.2,59,99,849,42,26.9,14.3,48.45
2014,Buffalo Bills,16,289,4995,1027,4.9,30,11,302,337,559,3292,16,19,5.4,171,414,1703,10,4.1,89,104,849,42,28.3,14.1,75.16
2014,Arizona Cardinals,16,299,5891,1010,5.8,25,7,300,365,579,4152,22,18,6.8,195,396,1739,9,4.4,77,130,1192,28,29.8,12.8,3.41
2014,Baltimore Ravens,16,302,5391,1034,5.2,22,11,311,382,595,3979,22,11,6.2,205,390,1412,8,3.6,75,110,1007,31,33.3,11.7,-21.36
2014,Houston Texans,16,307,5571,1077,5.2,34,14,329,363,619,3890,28,20,5.9,206,420,1681,6,4,89,99,786,34,26.6,16.1,79.59
2014,New England Patriots,16,313,5506,1033,5.3,25,9,329,342,574,3837,24,16,6.2,196,419,1669,6,4,88,92,752,45,32.4,13.2,-27.24
2014,Cleveland Browns,16,337,5857,1118,5.2,29,8,348,335,587,3592,22,21,5.8,184,500,2265,13,4.5,126,98,769,38,32.3,13.6,0.76
2014,San Francisco 49ers,16,340,5143,989,5.2,29,6,308,324,551,3531,29,23,6,188,402,1612,7,4,83,122,909,37,32,16.6,-8.98
2014,Minnesota Vikings,16,343,5515,1025,5.4,19,6,321,353,534,3572,26,13,6.2,189,450,1943,10,4.3,100,112,938,32,34.1,10.1,-42.67
2014,Cincinnati Bengals,16,344,5749,1067,5.4,26,6,337,365,608,3888,18,20,6.2,197,439,1861,16,4.2,105,105,876,35,32.6,13.6,-30.61
2014,Los Angeles Chargers,16,348,5413,988,5.5,18,11,307,320,524,3427,24,7,6.2,168,438,1986,11,4.5,98,129,1067,41,35.8,9.5,-53.24
2014,Green Bay Packers,16,348,5542,1054,5.3,27,9,339,333,564,3623,26,18,6,196,449,1919,11,4.3,116,104,945,27,33.1,14.9,-30.73
2014,Dallas Cowboys,16,352,5681,978,5.8,31,13,315,371,558,4031,22,18,6.9,195,392,1650,18,4.2,86,104,861,34,31.3,16.8,-68.86
2014,Los Angeles Rams,16,354,5626,1005,5.6,25,12,301,368,540,3861,18,13,6.7,189,425,1765,12,4.2,83,105,882,29,30.2,13.2,5.33
2014,Denver Broncos,16,354,4883,1031,4.7,25,7,311,399,641,3607,29,18,5.3,219,349,1276,9,3.7,60,103,816,32,31.3,11.8,13.81
2014,Pittsburgh Steelers,16,368,5654,944,6,21,10,314,350,543,4049,30,11,7,193,368,1605,9,4.4,88,97,835,33,39.7,11.5,-80.8
2014,Indianapolis Colts,16,369,5483,1007,5.4,26,14,309,320,543,3669,27,12,6.3,175,423,1814,14,4.3,103,101,866,31,28.1,12.6,-9.6
2014,Miami Dolphins,16,373,5494,1029,5.3,25,11,309,338,537,3557,27,14,6.2,194,453,1937,13,4.3,99,105,920,16,36.7,13.3,-20.09
2014,Carolina Panthers,16,374,5437,999,5.4,26,12,309,364,562,3645,25,14,6.1,193,397,1792,14,4.5,91,97,760,25,34.1,14,-39.67
2014,New York Giants,16,400,6012,1007,6,26,9,326,324,522,3850,25,17,6.8,187,438,2162,15,4.9,112,105,948,27,35.4,12.8,-56.64
2014,Philadelphia Eagles,16,400,6009,1113,5.4,28,16,338,345,591,4238,30,12,6.6,211,473,1771,14,3.7,88,121,1089,39,31.1,12.7,-11.84
2014,New York Jets,16,401,5235,976,5.4,13,7,300,345,538,3746,31,6,6.4,194,393,1489,10,3.8,74,91,780,32,37.2,5.5,-74.3
2014,Tampa Bay Buccaneers,16,410,5903,1067,5.5,25,11,353,387,563,4084,28,14,6.8,223,468,1819,15,3.9,103,106,935,27,38.9,13,-72.07
2014,Jacksonville Jaguars,16,412,5932,1085,5.5,20,14,330,355,541,3899,24,6,6.7,200,499,2033,15,4.1,107,115,886,23,36.3,9.8,-39.34
2014,Atlanta Falcons,16,417,6372,1038,6.1,28,12,358,359,566,4478,20,16,7.6,224,450,1894,21,4.2,108,91,744,26,42.6,14.2,-136.13
2014,New Orleans Saints,16,424,6144,1022,6,17,5,345,341,546,4019,26,12,6.9,205,442,2125,17,4.8,111,105,889,29,43.3,9.9,-141.89
2014,Tennessee Titans,16,438,5968,1099,5.4,16,4,357,347,545,3773,28,12,6.5,211,515,2195,17,4.3,119,93,731,27,40.8,8.4,-85.48
2014,Washington Redskins,16,438,5712,976,5.9,19,12,307,345,519,3990,35,7,7.2,195,421,1722,11,4.1,77,144,1164,35,37.4,8.8,-104.87
2014,Chicago Bears,16,442,6033,1008,6,24,10,325,366,548,4230,34,14,7.2,227,421,1803,12,4.3,78,106,978,20,44.6,12.4,-106.73
2014,Oakland Raiders,16,452,5721,1041,5.5,14,5,320,343,538,3810,29,9,6.8,190,481,1911,17,4,95,116,941,35,39.6,6.6,-56.86
2015,Seattle Seahawks,16,277,4668,947,4.9,23,9,273,333,548,3364,14,14,5.8,175,362,1304,10,3.6,71,94,795,27,29.3,13.2,50.54
2015,Cincinnati Bengals,16,279,5453,1032,5.3,28,7,307,415,646,3976,18,21,5.8,202,344,1477,8,4.3,74,116,1063,31,28.9,15,24.23
2015,Kansas City Chiefs,16,287,5269,1037,5.1,29,7,313,349,607,3698,25,22,5.7,193,383,1571,7,4.1,86,110,941,34,27.3,15.3,69.97
2015,Denver Broncos,16,296,4530,1033,4.4,27,13,289,344,573,3193,19,14,5.1,162,408,1337,10,3.3,81,104,773,46,26.9,11.9,146.71
2015,Minnesota Vikings,16,302,5510,1015,5.4,22,9,318,359,561,3762,24,13,6.2,189,411,1748,7,4.3,94,109,875,35,33.3,11.9,3.87
2015,Carolina Panthers,16,308,5167,1058,4.9,39,15,298,390,650,3752,21,24,5.4,198,364,1415,11,3.9,74,99,822,26,26.5,19.4,98.67
2015,Houston Texans,16,313,4963,986,5,25,11,281,326,553,3366,24,14,5.6,173,388,1597,10,4.1,79,116,991,29,27.3,11.1,47.11
2015,Arizona Cardinals,16,313,5147,982,5.2,33,14,284,343,573,3687,24,19,6.1,177,373,1460,9,3.9,79,130,1202,28,31.7,16.7,35.95
2015,New York Jets,16,314,5098,1013,5,30,12,271,343,601,3763,25,18,5.9,185,373,1335,4,3.6,62,90,767,24,28.4,14.4,54.43
2015,New England Patriots,16,315,5430,1042,5.2,21,9,303,361,596,3852,24,12,6,204,397,1578,8,4,77,112,1013,22,28.9,10.5,9.01
2015,Pittsburgh Steelers,16,319,5809,1055,5.5,30,13,327,402,625,4350,29,17,6.5,231,382,1459,6,3.8,71,121,1199,25,32.3,14.3,29.41
2015,Green Bay Packers,16,323,5547,1014,5.5,22,6,300,321,551,3642,20,16,6.1,183,420,1905,13,4.5,96,120,1107,21,31.3,11.5,-1.65
2015,Los Angeles Rams,16,330,5885,1091,5.4,26,13,320,399,597,4065,21,13,6.4,192,453,1820,7,4,98,109,992,30,31.8,12.1,26.21
2015,Atlanta Falcons,16,345,5562,996,5.6,23,8,335,370,561,3882,19,15,6.7,197,416,1680,20,4,107,95,728,31,34.3,13.4,-53.03
2015,Buffalo Bills,16,359,5702,1017,5.6,25,8,322,347,602,3972,30,17,6.4,198,394,1730,10,4.4,87,113,906,37,32.5,11,-49.07
2015,Dallas Cowboys,16,374,5567,997,5.6,11,3,317,330,506,3636,19,8,6.8,172,460,1931,16,4.2,113,113,900,32,36.7,5.6,-64.24
2015,Washington Redskins,16,379,6090,1010,6,27,16,329,354,566,4128,30,11,6.8,202,406,1962,10,4.8,103,112,955,24,35.4,14.9,-75.97
2015,San Francisco 49ers,16,387,6199,1081,5.7,12,3,356,375,549,4179,21,9,7.2,199,504,2020,20,4,128,112,920,29,37.9,6.6,-114.17
2015,Miami Dolphins,16,389,6019,1076,5.6,16,3,351,350,542,4000,31,13,7,203,503,2019,13,4,112,121,1005,36,34,8.4,-92.5
2015,Chicago Bears,16,397,5527,981,5.6,17,9,307,322,513,3593,31,8,6.6,182,433,1934,9,4.5,103,98,895,22,36.6,8,-87.45
2015,Los Angeles Chargers,16,398,5791,959,6,20,9,299,328,510,3786,22,11,7,170,417,2005,17,4.8,101,120,976,28,37.8,10,-91.81
2015,Oakland Raiders,16,399,5818,1085,5.4,25,11,344,404,641,4140,25,14,6.1,206,406,1678,12,4.1,94,104,943,44,38.2,11.5,-59.91
2015,Detroit Lions,16,400,5597,999,5.6,19,10,319,360,528,3789,27,9,6.6,191,428,1808,18,4.2,96,96,785,32,38.2,9.1,-85.51
2015,Baltimore Ravens,16,401,5398,1000,5.4,14,8,311,350,545,3737,30,6,6.4,189,418,1661,10,4,80,103,748,42,37.4,7,-81.45
2015,Indianapolis Colts,16,408,6066,1072,5.7,25,8,331,354,585,4114,29,17,6.6,210,452,1952,14,4.3,89,133,1168,32,36.6,12.4,-52.3
2015,Tampa Bay Buccaneers,16,417,5446,1045,5.2,23,12,351,378,541,3840,31,11,6.6,208,466,1606,12,3.4,104,104,862,39,41.7,12.8,-80.13
2015,Tennessee Titans,16,423,5475,1004,5.5,19,8,317,319,503,3678,34,11,6.8,192,462,1797,11,3.9,101,112,982,24,36.6,8.1,-47.06
2015,Philadelphia Eagles,16,430,6426,1148,5.6,26,11,365,394,633,4273,36,15,6.4,239,478,2153,10,4.5,100,123,1049,26,36,11.8,-65.84
2015,Cleveland Browns,16,432,6067,998,6.1,21,10,321,322,511,4012,34,11,7.4,186,458,2055,11,4.5,104,108,833,31,41.9,11.7,-114.79
2015,New York Giants,16,442,6725,1105,6.1,28,13,367,423,638,4783,31,15,7.2,236,444,1942,15,4.4,104,120,1077,27,40.5,14.2,-105.13
2015,Jacksonville Jaguars,16,448,6000,1102,5.4,18,9,362,390,602,4291,29,9,6.7,222,464,1709,15,3.7,102,114,989,38,38.1,8.8,-88.89
2015,New Orleans Saints,16,476,6615,997,6.6,22,13,380,372,544,4544,45,9,7.9,223,422,2071,12,4.9,103,114,887,54,43.9,11.7,-204.1
2016,New England Patriots,16,250,5223,998,5.2,23,10,294,368,596,3806,21,13,6,190,368,1417,6,3.9,81,113,930,23,26.8,11.2,23.42
2016,New York Giants,16,284,5435,1062,5.1,25,8,298,369,630,4018,15,17,6,191,397,1417,10,3.6,82,104,853,25,29.9,12.2,37.91
2016,Seattle Seahawks,16,292,5099,1020,5,19,8,307,331,537,3612,16,11,6.2,180,441,1487,16,3.4,94,103,925,33,28.3,10.3,-4.32
2016,Denver Broncos,16,297,5057,1076,4.7,27,13,306,306,552,2972,13,14,5,169,482,2085,15,4.3,101,110,990,36,29.4,12.2,92.4
2016,Dallas Cowboys,16,306,5503,1009,5.5,20,11,330,425,633,4167,25,9,6.2,226,340,1336,9,3.9,79,90,784,25,35.1,11.3,-86.95
2016,Minnesota Vikings,16,307,5038,993,5.1,27,13,304,332,548,3327,22,14,5.6,186,404,1711,9,4.2,87,99,825,31,33.3,14.1,23.66
2016,Kansas City Chiefs,16,311,5896,1063,5.5,33,15,342,350,598,3958,23,18,6.3,209,437,1938,10,4.4,102,109,797,31,31.9,16.5,-5.71
2016,Cincinnati Bengals,16,315,5612,1038,5.4,20,3,327,374,593,3800,22,17,6.1,196,412,1812,12,4.4,95,105,950,36,34.7,11.4,-52.04
2016,Baltimore Ravens,16,321,5154,993,5.2,28,10,294,369,578,3724,28,18,6.1,190,384,1430,10,3.7,74,94,900,30,28.1,14.1,-5.6
2016,Pittsburgh Steelers,16,327,5482,997,5.5,23,10,313,381,590,3882,20,13,6.2,184,369,1600,15,4.3,95,109,920,34,34.5,11.9,-49.01
2016,Houston Texans,16,328,4821,950,5.1,17,6,272,319,522,3226,20,11,5.8,157,397,1595,13,4,87,114,949,28,31.7,9.1,32.65
2016,Philadelphia Eagles,16,331,5484,978,5.6,26,10,300,333,553,3832,25,16,6.5,177,391,1652,10,4.2,89,99,837,34,33.9,13.4,-11.72
2016,Detroit Lions,16,358,5676,964,5.9,14,4,333,399,549,3975,33,10,6.9,206,389,1701,8,4.4,99,122,979,28,39.4,8.8,-152.76
2016,Arizona Cardinals,16,362,4883,1019,4.8,28,14,293,344,547,3365,21,14,5.7,175,424,1518,16,3.6,90,123,1010,28,32.5,12.9,53.4
2016,Tampa Bay Buccaneers,16,369,5887,1013,5.8,29,12,326,347,548,4012,24,17,6.8,203,427,1875,15,4.4,102,121,1061,21,35.9,14.7,-41.58
2016,Buffalo Bills,16,378,5712,1019,5.6,18,6,338,306,511,3582,19,12,6.5,183,469,2130,21,4.5,122,106,884,33,38.8,9.3,-60.14
2016,Tennessee Titans,16,378,5720,1031,5.5,18,6,324,388,635,4307,25,12,6.4,227,356,1413,10,4,70,137,1191,27,35,9,-63.76
2016,Miami Dolphins,16,380,6122,1088,5.6,25,9,349,368,591,3875,30,16,6.2,199,464,2247,12,4.8,109,109,919,41,35.1,12.9,-80
2016,Washington Redskins,16,383,6046,1050,5.8,21,8,368,387,589,4130,22,13,6.6,225,423,1916,19,4.5,109,100,1023,34,38.5,11.8,-116.87
2016,Oakland Raiders,16,385,6001,987,6.1,30,14,318,328,541,4120,27,16,7.3,188,421,1881,18,4.5,94,115,1062,36,35.3,14.2,-81.26
2016,Green Bay Packers,16,388,5823,987,5.9,25,8,329,370,571,4308,32,17,7.1,227,376,1515,11,4,80,109,964,22,41,13.9,-139.64
2016,Indianapolis Colts,16,392,6126,1024,6,17,9,353,378,582,4200,27,8,6.8,225,409,1926,12,4.7,93,125,1155,35,41.5,9.7,-116.08
2016,Los Angeles Rams,16,394,5392,1037,5.2,18,8,325,378,582,3732,32,10,6.1,194,424,1660,12,3.9,91,108,920,40,31.3,9.4,-59.12
2016,Chicago Bears,16,399,5548,1012,5.5,11,3,322,342,530,3598,22,8,6.3,188,445,1950,18,4.4,99,103,959,35,42,6.3,-101.61
2016,Jacksonville Jaguars,16,400,5147,1030,5,13,6,305,345,551,3444,20,7,5.9,174,446,1703,17,3.8,93,101,948,38,39.3,5.8,-26.26
2016,Carolina Panthers,16,402,5756,1035,5.6,27,10,329,409,612,4291,27,17,6.5,223,376,1465,11,3.9,90,112,907,16,36.2,13.8,-33.98
2016,Atlanta Falcons,16,406,5939,1059,5.6,22,10,358,422,655,4267,31,12,6.2,232,370,1672,15,4.5,95,113,974,31,39.2,11.4,-125.47
2016,New York Jets,16,409,5479,1000,5.5,14,6,318,347,545,3898,30,8,6.8,203,428,1581,11,3.7,86,74,651,29,37.7,7.1,-81.03
2016,Los Angeles Chargers,16,423,5554,1025,5.4,28,10,329,364,580,3987,21,18,6.5,204,410,1567,20,3.8,98,119,837,27,39.8,14.5,-16.97
2016,Cleveland Browns,16,452,6279,1067,5.9,13,3,364,347,543,3996,36,10,7,220,498,2283,18,4.6,121,104,930,23,40.8,6.1,-185.58
2016,New Orleans Saints,16,454,6006,1008,6,21,12,353,378,582,4380,27,9,7.2,230,396,1626,19,4.1,91,104,881,32,45.3,12.2,-140.39
2016,San Francisco 49ers,16,480,6502,1102,5.9,20,10,358,322,521,3848,30,10,6.9,187,548,2654,25,4.8,140,93,795,31,41.4,9.4,-141.42
2017,Minnesota Vikings,16,252,4415,956,4.6,19,5,260,324,555,3078,13,14,5.2,168,364,1337,10,3.7,59,105,928,33,27.9,10.1,54.42
2017,Jacksonville Jaguars,16,268,4578,993,4.6,33,12,257,289,509,2718,17,21,4.8,143,429,1860,9,4.3,91,112,1050,23,23.9,15.6,141.03
2017,Los Angeles Chargers,16,272,5254,997,5.3,27,9,282,329,524,3156,17,18,5.6,153,430,2098,11,4.9,99,109,996,30,28.5,15.1,42.51
2017,Philadelphia Eagles,16,295,4904,976,5,31,12,272,363,601,3637,24,19,5.7,177,337,1267,7,3.8,62,101,917,33,27.1,15.4,52.5
2017,New England Patriots,16,296,5856,1022,5.7,18,6,325,367,590,4020,24,12,6.4,204,390,1836,6,4.7,98,111,1035,23,30.2,9.9,-108.58
2017,Baltimore Ravens,16,303,5201,1045,5,34,12,296,333,569,3421,18,22,5.6,179,435,1780,12,4.1,87,96,807,30,29.7,17.4,94.13
2017,Pittsburgh Steelers,16,308,4910,940,5.2,22,6,270,297,499,3217,20,16,5.8,157,385,1693,14,4.4,89,110,1041,24,30.3,12.4,-10.35
2017,Atlanta Falcons,16,315,5094,994,5.1,16,8,323,362,553,3429,22,8,5.8,197,402,1665,9,4.1,97,103,880,29,36,9.1,-42.66
2017,Chicago Bears,16,320,5106,1003,5.1,22,14,298,343,529,3376,18,8,5.9,180,432,1730,10,4,85,118,910,33,33.1,11.2,5.61
2017,New Orleans Saints,16,326,5384,1002,5.4,25,5,308,329,554,3597,22,20,6,172,406,1787,11,4.4,92,108,850,44,33.3,13.6,-35.53
2017,Carolina Panthers,16,327,5074,953,5.3,21,11,282,351,550,3665,25,10,6.1,187,353,1409,7,4,69,101,867,26,33.9,11.7,-0.97
2017,Los Angeles Rams,16,329,5432,1021,5.3,28,10,300,324,555,3475,21,18,5.8,181,418,1957,15,4.7,86,102,808,33,30.6,14,23.02
2017,Dallas Cowboys,16,332,5089,1000,5.1,21,11,312,371,559,3425,28,10,5.7,181,403,1664,7,4.1,96,107,880,35,31.6,10.5,-61.21
2017,Seattle Seahawks,16,332,5171,1045,4.9,25,11,316,325,554,3347,19,14,5.6,181,452,1824,14,4,90,102,878,45,33.2,11.9,25.16
2017,Kansas City Chiefs,16,339,5842,1044,5.6,26,10,352,325,570,3952,23,16,6.6,204,443,1890,15,4.3,112,107,864,36,33.5,13.4,-89.44
2017,Cincinnati Bengals,16,349,5425,1091,5,14,3,325,336,561,3379,20,11,5.6,173,489,2046,13,4.2,111,106,906,41,37,7.6,-14.61
2017,Tennessee Titans,16,356,5248,1046,5,21,9,323,369,605,3828,27,12,5.9,231,398,1420,5,3.6,68,119,942,24,37.3,10.8,-35.46
2017,Buffalo Bills,16,359,5682,1066,5.3,25,7,348,370,573,3688,14,18,6.1,199,466,1994,22,4.3,121,97,873,28,37.2,13.1,-30.04
2017,Arizona Cardinals,16,361,4973,1008,4.9,21,6,283,343,564,3541,24,15,5.9,187,407,1432,12,3.5,68,129,1128,28,31.5,10.5,67.07
2017,Oakland Raiders,16,373,5601,994,5.6,14,9,304,361,530,3858,24,5,6.9,187,433,1743,11,4,93,102,944,24,40.9,7,-94.8
2017,Detroit Lions,16,376,5692,1037,5.5,32,13,349,366,570,3892,21,19,6.4,205,432,1800,18,4.2,109,110,971,35,32.3,16.1,-18.79
2017,Tampa Bay Buccaneers,16,382,6049,1011,6,26,13,327,371,549,4169,22,13,7.3,202,440,1880,17,4.3,102,109,937,23,38.9,13.1,-89.67
2017,New York Jets,16,382,5636,1052,5.4,20,9,329,329,558,3749,30,11,6.4,191,466,1887,13,4,88,114,981,50,33.3,10.4,-55.81
2017,Denver Broncos,16,382,4640,952,4.9,17,7,266,294,491,3210,29,10,6.1,166,428,1430,9,3.3,68,89,821,32,32.5,8.8,59.44
2017,San Francisco 49ers,16,383,5625,1065,5.3,20,10,343,344,544,3764,27,10,6.6,198,491,1861,13,3.8,108,97,791,37,37.8,10.1,-78.8
2017,Green Bay Packers,16,384,5582,1014,5.5,22,11,331,348,513,3789,30,11,6.9,211,464,1793,10,3.9,95,94,832,25,40.2,11.5,-89.27
2017,Washington Redskins,16,388,5566,1045,5.3,23,7,307,306,531,3420,23,16,6,171,472,2146,13,4.5,105,100,887,31,35.9,11.8,4.48
2017,New York Giants,16,388,5971,1052,5.7,19,6,313,347,561,4038,32,13,6.9,189,464,1933,10,4.2,101,115,923,23,35.5,9.6,-49.98
2017,Miami Dolphins,16,393,5371,989,5.4,15,6,319,339,528,3603,26,9,6.5,190,431,1768,14,4.1,88,122,1077,41,36.6,8.1,-54.94
2017,Indianapolis Colts,16,404,5873,1026,5.7,20,7,324,320,513,3946,23,13,7.3,192,488,1927,15,3.9,99,102,822,33,39.7,10.3,-110.08
2017,Cleveland Browns,16,410,5250,1026,5.1,13,6,315,360,525,3684,28,7,6.6,189,467,1566,14,3.4,95,101,906,31,36.2,6.9,-60.07
2017,Houston Texans,16,436,5546,973,5.7,16,5,301,321,501,3799,30,11,7.1,176,440,1747,14,4,88,122,1128,37,39.7,7.7,-67.35
