Year,Tm,G,PF,Yds,Ply,Y.P,TO,FL,X1stD,PCmp,PAtt,PYds,PTD,PInt,PNY.A,P1stD,RAtt,RYds,RTD,RY.A,R1stD,Pen,Yds.1,X1stPy,Sc.,TO.,EXP.
1980,Dallas Cowboys,16,454,5482,1075,5.1,39,14,337,265,449,3104,30,25,6.5,171,595,2378,26,4,143,109,908,23,NA,NA,NA
1980,New England Patriots,16,441,5435,1026,5.3,36,9,319,240,413,3195,27,27,7.3,154,588,2240,19,3.8,139,79,696,26,NA,NA,NA
1980,Los Angeles Rams,16,424,6006,1095,5.5,36,13,316,261,451,3207,31,23,6.7,157,615,2799,17,4.6,144,118,973,15,NA,NA,NA
1980,Los Angeles Chargers,16,418,6410,1135,5.6,48,22,372,350,594,4531,30,26,7.2,244,509,1879,18,3.7,106,109,912,22,NA,NA,NA
1980,Atlanta Falcons,16,405,5649,1061,5.3,26,9,336,259,467,3244,31,17,6.5,166,559,2405,15,4.3,145,91,861,25,NA,NA,NA
1980,Philadelphia Eagles,16,384,5519,1036,5.3,28,16,326,275,477,3524,28,12,6.9,186,527,1995,19,3.8,118,96,809,22,NA,NA,NA
1980,Oakland Raiders,16,364,5045,1044,4.8,44,20,281,235,456,2899,23,24,5.8,149,541,2146,14,4,108,98,929,24,NA,NA,NA
1980,Cleveland Browns,16,357,5588,1013,5.5,28,14,336,337,554,3915,30,14,6.8,207,436,1673,15,3.8,102,117,1042,27,NA,NA,NA
1980,Indianapolis Colts,16,355,5206,1056,4.9,37,13,327,272,493,3128,25,24,5.9,174,527,2078,20,3.9,128,104,914,25,NA,NA,NA
1980,Pittsburgh Steelers,16,352,5554,1033,5.4,42,18,308,250,484,3568,26,24,6.8,177,512,1986,15,3.9,111,111,933,20,NA,NA,NA
1980,Detroit Lions,16,334,5540,1040,5.3,31,19,308,248,423,2941,13,12,6.3,143,572,2599,21,4.5,143,104,844,22,NA,NA,NA
1980,Buffalo Bills,16,320,4972,1084,4.6,41,22,317,262,461,2750,20,19,5.7,157,603,2222,17,3.7,134,90,731,26,NA,NA,NA
1980,San Francisco 49ers,16,320,5320,1042,5.1,40,14,298,363,597,3577,27,26,5.7,171,415,1743,10,4.2,105,109,933,22,NA,NA,NA
1980,Kansas City Chiefs,16,319,4321,1010,4.3,30,16,270,237,401,2448,15,14,5.3,122,552,1873,15,3.4,130,74,591,18,NA,NA,NA
1980,Minnesota Vikings,16,317,5330,1048,5.1,26,3,324,331,574,3688,22,23,6,191,433,1642,14,3.8,100,90,717,33,NA,NA,NA
1980,Denver Broncos,16,310,4642,991,4.7,37,12,286,262,467,2777,14,25,5.4,158,480,1865,16,3.9,107,93,899,21,NA,NA,NA
1980,Chicago Bears,16,304,4835,1016,4.8,39,14,286,209,404,2395,13,25,5.5,121,579,2440,22,4.2,139,100,842,26,NA,NA,NA
1980,New York Jets,16,302,4882,993,4.9,41,11,289,265,481,3009,17,30,5.8,146,470,1873,17,4,124,103,767,19,NA,NA,NA
1980,Arizona Cardinals,16,299,4859,1039,4.7,37,13,281,239,470,2676,16,24,5.1,137,519,2183,19,4.2,123,103,922,21,NA,NA,NA
1980,Tennessee Titans,16,295,5642,1063,5.3,47,19,329,296,463,3007,15,28,6.1,152,573,2635,18,4.6,155,101,838,22,NA,NA,NA
1980,Seattle Seahawks,16,291,4879,1024,4.8,38,15,302,287,517,3096,18,23,5.5,166,456,1783,13,3.9,114,109,901,22,NA,NA,NA
1980,New Orleans Saints,16,291,5010,960,5.2,35,13,285,334,566,3648,26,22,6,183,348,1362,9,3.9,80,98,837,22,NA,NA,NA
1980,Tampa Bay Buccaneers,16,271,5059,1031,4.9,38,21,281,256,530,3220,20,17,5.8,154,477,1839,9,3.9,102,90,840,25,NA,NA,NA
1980,Miami Dolphins,16,266,4564,1015,4.5,42,16,284,267,492,2688,21,26,5.1,149,492,1876,9,3.8,107,74,567,28,NA,NA,NA
1980,Washington Redskins,16,261,4854,1039,4.7,36,18,279,284,486,2838,17,18,5.4,148,517,2016,12,3.9,109,114,1008,22,NA,NA,NA
1980,New York Giants,16,249,4339,1044,4.2,43,18,261,245,514,2609,19,25,4.7,136,483,1730,10,3.6,100,98,962,25,NA,NA,NA
1980,Cincinnati Bengals,16,244,4884,1060,4.6,33,8,283,281,510,2815,17,25,5.1,147,513,2069,9,4,111,118,949,25,NA,NA,NA
1980,Green Bay Packers,16,231,5097,1047,4.9,41,12,307,289,511,3291,15,29,5.9,164,493,1806,13,3.7,119,84,697,24,NA,NA,NA
1981,Los Angeles Chargers,16,478,6744,1129,6,40,22,379,368,629,4739,34,18,7.3,224,481,2005,26,4.2,127,128,947,28,NA,NA,NA
1981,Atlanta Falcons,16,426,5664,1095,5.2,41,17,318,311,563,3699,30,24,6.2,176,495,1965,15,4,116,90,940,26,NA,NA,NA
1981,Cincinnati Bengals,16,421,5968,1078,5.5,24,12,361,332,550,3995,30,12,6.8,210,493,1973,19,4,124,109,896,27,NA,NA,NA
1981,Detroit Lions,16,397,5933,1076,5.5,43,20,340,228,436,3138,18,23,6.5,150,596,2795,26,4.7,167,111,990,23,NA,NA,NA
1981,Philadelphia Eagles,16,368,5553,1057,5.3,39,17,332,258,476,3044,25,22,6.1,150,559,2509,17,4.5,157,113,855,25,NA,NA,NA
1981,Dallas Cowboys,16,367,5880,1100,5.3,35,20,321,241,439,3169,24,15,6.7,158,630,2711,15,4.3,137,103,839,26,NA,NA,NA
1981,San Francisco 49ers,16,357,5484,1106,5,25,12,317,328,517,3543,20,13,6.5,183,560,1941,17,3.5,110,92,752,24,NA,NA,NA
1981,Pittsburgh Steelers,16,356,5598,1042,5.4,41,22,318,247,461,3226,25,19,6.6,156,554,2372,21,4.3,137,97,840,25,NA,NA,NA
1981,New York Jets,16,355,5396,1108,4.9,31,17,318,283,507,3055,26,14,5.7,170,571,2341,11,4.1,122,112,936,26,NA,NA,NA
1981,Washington Redskins,16,347,5623,1087,5.2,41,19,334,307,525,3466,19,22,6.2,173,532,2157,19,4.1,136,98,940,25,NA,NA,NA
1981,Miami Dolphins,16,345,5322,1063,5,31,10,306,271,498,3149,18,21,6,157,535,2173,18,4.1,123,71,541,26,NA,NA,NA
1981,Kansas City Chiefs,16,343,5273,1057,5,46,24,315,224,410,2640,12,22,5.9,132,610,2633,22,4.3,160,97,924,23,NA,NA,NA
1981,Minnesota Vikings,16,325,5845,1129,5.2,50,21,343,382,709,4333,27,29,5.9,217,391,1512,8,3.9,91,109,865,35,NA,NA,NA
1981,Green Bay Packers,16,324,4859,1044,4.7,41,17,308,286,514,3189,24,24,5.6,174,478,1670,11,3.5,104,84,687,30,NA,NA,NA
1981,Seattle Seahawks,16,322,5021,1001,5,38,23,295,307,524,3427,21,15,6.1,166,440,1594,14,3.6,103,106,823,26,NA,NA,NA
1981,New England Patriots,16,322,5623,1026,5.5,50,16,306,254,482,3583,17,34,6.8,166,499,2040,23,4.1,124,89,742,16,NA,NA,NA
1981,Denver Broncos,16,321,5426,1061,5.1,39,18,306,289,485,3531,27,21,6.5,181,515,1895,12,3.7,91,99,833,34,NA,NA,NA
1981,Tampa Bay Buccaneers,16,315,5160,950,5.4,28,14,269,239,473,3429,20,14,7,159,458,1731,13,3.8,95,89,779,15,NA,NA,NA
1981,Arizona Cardinals,16,315,5077,1044,4.9,44,20,300,253,477,2864,15,24,5.5,141,519,2213,20,4.3,135,106,877,24,NA,NA,NA
1981,Buffalo Bills,16,311,5640,1043,5.4,38,18,315,253,503,3515,25,20,6.8,163,524,2125,13,4.1,127,114,1001,25,NA,NA,NA
1981,Los Angeles Rams,16,303,4793,1086,4.4,47,15,305,235,477,2557,15,32,4.9,134,559,2236,17,4,142,117,916,29,NA,NA,NA
1981,New York Giants,16,295,4326,1034,4.2,36,16,253,251,506,2641,16,20,4.8,140,481,1685,11,3.5,92,108,897,21,NA,NA,NA
1981,Tennessee Titans,16,281,4511,947,4.8,44,21,241,258,441,2777,21,23,5.8,124,466,1734,11,3.7,103,93,825,14,NA,NA,NA
1981,Cleveland Browns,16,276,5915,1138,5.2,53,26,364,348,624,3986,21,27,6,196,474,1929,11,4.1,131,109,971,37,NA,NA,NA
1981,Oakland Raiders,16,273,4977,1091,4.6,48,20,296,267,545,2919,18,28,4.9,166,493,2058,11,4.2,108,101,867,22,NA,NA,NA
1981,Indianapolis Colts,16,259,4908,957,5.1,37,14,274,265,479,3058,21,23,5.9,158,441,1850,11,4.2,95,106,913,21,NA,NA,NA
1981,Chicago Bears,16,253,4633,1132,4.1,40,17,278,222,489,2462,14,23,4.7,126,608,2171,13,3.6,126,121,996,26,NA,NA,NA
1981,New Orleans Saints,16,207,4705,1028,4.6,47,20,280,238,441,2419,8,27,5,124,546,2286,16,4.2,126,109,899,30,NA,NA,NA
1982,Los Angeles Chargers,9,288,4048,617,6.6,20,8,233,208,338,2927,19,12,8.4,145,267,1121,15,4.2,72,64,530,16,NA,NA,NA
1982,Los Angeles Raiders,9,260,2955,582,5.1,24,9,175,154,267,1875,14,15,6.5,95,292,1080,15,3.7,65,86,840,15,NA,NA,NA
1982,New York Jets,9,245,3218,606,5.3,18,9,193,165,279,1901,16,9,6.3,95,304,1317,13,4.3,87,63,533,11,NA,NA,NA
1982,Cincinnati Bengals,9,232,3288,606,5.4,16,7,207,219,310,2339,12,9,6.9,123,269,949,13,3.5,63,56,475,21,NA,NA,NA
1982,Dallas Cowboys,9,226,3199,579,5.5,26,12,180,160,258,1886,16,14,6.7,99,296,1313,10,4.4,70,42,304,11,NA,NA,NA
1982,Green Bay Packers,9,226,2910,582,5,26,11,175,143,267,1829,12,15,6.1,97,283,1081,12,3.8,59,42,343,19,NA,NA,NA
1982,San Francisco 49ers,9,209,3242,587,5.5,21,10,183,215,348,2502,17,11,6.8,121,219,740,6,3.4,49,45,451,13,NA,NA,NA
1982,Pittsburgh Steelers,9,204,2970,583,5.1,25,9,171,141,275,1783,17,16,6.1,91,289,1187,7,4.1,69,59,459,11,NA,NA,NA
1982,Los Angeles Rams,9,200,3024,563,5.4,24,10,163,166,297,1999,11,14,6.4,90,251,1025,13,4.1,61,63,550,12,NA,NA,NA
1982,Miami Dolphins,9,198,2658,582,4.6,23,10,165,129,238,1314,8,13,5.3,66,333,1344,11,4,84,34,240,15,NA,NA,NA
1982,Philadelphia Eagles,9,191,2685,530,5.1,23,10,157,168,288,1856,12,13,5.8,100,211,829,11,3.9,48,38,253,9,NA,NA,NA
1982,Washington Redskins,9,190,2985,598,5,16,7,165,162,253,1845,13,9,6.5,87,315,1140,5,3.6,66,46,404,12,NA,NA,NA
1982,Minnesota Vikings,9,187,2879,601,4.8,17,5,167,187,334,1967,15,12,5.5,107,245,912,6,3.7,52,62,496,8,NA,NA,NA
1982,Atlanta Falcons,9,183,2963,610,4.9,21,10,190,176,275,1782,9,11,5.9,92,310,1181,12,3.8,79,77,655,19,NA,NA,NA
1982,Detroit Lions,9,181,2534,598,4.2,26,8,160,136,285,1512,12,18,4.8,83,283,1022,5,3.6,60,58,548,17,NA,NA,NA
1982,Kansas City Chiefs,9,176,2498,573,4.4,12,4,163,145,264,1555,10,8,5.1,79,269,943,3,3.5,71,43,372,13,NA,NA,NA
1982,New York Giants,9,164,2729,559,4.9,19,10,153,161,298,1887,10,9,6,96,244,842,7,3.5,47,47,369,10,NA,NA,NA
1982,Tampa Bay Buccaneers,9,158,2895,587,4.9,23,12,163,164,308,1943,9,11,6.1,105,268,952,6,3.6,52,38,297,6,NA,NA,NA
1982,Buffalo Bills,9,150,2927,604,4.8,26,9,180,149,273,1556,8,17,5.5,84,319,1371,9,4.3,83,69,582,13,NA,NA,NA
1982,Denver Broncos,9,148,2837,592,4.8,36,17,170,181,311,1819,8,19,5.4,103,257,1018,6,4,52,54,516,15,NA,NA,NA
1982,New England Patriots,9,143,2633,526,5,17,8,146,93,187,1286,12,9,6.4,63,324,1347,3,4.2,74,52,412,9,NA,NA,NA
1982,Chicago Bears,9,141,2493,571,4.4,19,8,153,141,262,1505,10,11,5.1,83,276,988,5,3.6,56,58,422,14,NA,NA,NA
1982,Cleveland Browns,9,140,2718,616,4.4,24,8,176,174,334,1845,9,16,5.1,96,256,873,7,3.4,64,59,461,16,NA,NA,NA
1982,Tennessee Titans,9,136,2373,551,4.3,26,11,138,153,287,1574,12,15,4.8,81,225,799,5,3.6,52,52,424,5,NA,NA,NA
1982,Arizona Cardinals,9,135,2542,579,4.4,16,10,162,129,240,1333,6,6,4.9,81,307,1209,10,3.9,71,56,528,10,NA,NA,NA
1982,New Orleans Saints,9,129,2655,602,4.4,24,10,173,137,248,1398,8,14,5.2,76,331,1257,8,3.8,79,63,514,18,NA,NA,NA
1982,Seattle Seahawks,9,127,2594,589,4.4,24,11,159,176,326,1799,9,13,5,89,227,795,4,3.5,51,59,523,19,NA,NA,NA
1982,Indianapolis Colts,9,113,2483,596,4.2,21,11,152,142,283,1439,6,10,4.7,80,293,1044,4,3.6,62,52,433,10,NA,NA,NA
1983,Washington Redskins,16,541,6139,1127,5.4,18,7,353,278,463,3514,29,11,7.1,173,629,2625,30,4.2,165,90,776,15,NA,NA,NA
1983,Dallas Cowboys,16,479,5959,1110,5.4,39,14,342,346,554,3842,31,25,6.5,205,519,2117,21,4.1,109,99,847,28,NA,NA,NA
1983,Los Angeles Raiders,16,442,5686,1101,5.2,49,25,356,301,504,3446,31,24,6.2,181,542,2240,18,4.1,143,121,992,32,NA,NA,NA
1983,San Francisco 49ers,16,432,6054,1072,5.6,31,19,344,339,528,3797,27,12,6.8,199,511,2257,17,4.4,129,89,695,16,NA,NA,NA
1983,Green Bay Packers,16,429,6172,1007,6.1,50,18,340,311,526,4365,33,32,7.7,214,439,1807,15,4.1,99,80,648,27,NA,NA,NA
1983,Seattle Seahawks,16,403,5092,1042,4.9,38,20,300,251,449,2973,25,18,6,153,546,2119,19,3.9,131,102,890,16,NA,NA,NA
1983,Miami Dolphins,16,389,5195,1033,5,27,16,314,254,442,3045,28,11,6.5,151,568,2150,16,3.8,132,64,567,31,NA,NA,NA
1983,Kansas City Chiefs,16,386,5595,1074,5.2,38,19,314,369,641,4341,29,19,6.3,208,387,1254,13,3.2,83,113,911,23,NA,NA,NA
1983,Arizona Cardinals,16,374,5145,1044,4.9,48,27,296,267,460,2868,29,21,5.5,147,525,2277,15,4.3,123,89,770,26,NA,NA,NA
1983,Atlanta Falcons,16,370,5628,1054,5.3,29,19,325,321,507,3404,24,10,6.1,190,492,2224,17,4.5,118,90,806,17,NA,NA,NA
1983,Los Angeles Rams,16,361,5474,1023,5.4,47,24,316,286,489,3221,23,23,6.3,150,511,2253,20,4.4,148,96,748,18,NA,NA,NA
1983,Los Angeles Chargers,16,358,6197,1086,5.7,55,22,361,369,635,4661,27,33,7,230,423,1536,16,3.6,106,115,961,25,NA,NA,NA
1983,Cleveland Browns,16,356,5583,1065,5.2,38,10,327,324,567,3661,27,28,6.1,186,465,1922,13,4.1,113,115,991,28,NA,NA,NA
1983,Pittsburgh Steelers,16,355,5014,1075,4.7,43,20,312,211,409,2404,15,23,5.2,141,614,2610,17,4.3,156,99,836,15,NA,NA,NA
1983,Detroit Lions,16,347,5136,1061,4.8,39,16,315,263,503,2955,19,23,5.4,156,513,2181,18,4.3,136,118,988,23,NA,NA,NA
1983,Cincinnati Bengals,16,346,5287,1036,5.1,33,15,327,290,454,3183,14,18,6.4,179,542,2104,24,3.9,127,99,837,21,NA,NA,NA
1983,New Orleans Saints,16,319,4938,1055,4.7,47,22,286,243,425,2477,14,25,5.4,136,595,2461,19,4.1,135,91,802,15,NA,NA,NA
1983,Minnesota Vikings,16,316,5019,1068,4.7,32,10,303,310,555,3211,15,22,5.4,169,470,1808,17,3.8,112,90,748,22,NA,NA,NA
1983,New York Jets,16,313,5493,1076,5.1,47,19,313,330,559,3425,21,28,5.7,171,474,2068,11,4.4,126,110,1059,16,NA,NA,NA
1983,Chicago Bears,16,311,5830,1083,5.4,36,14,308,255,447,3103,21,22,6.2,136,583,2727,14,4.7,154,107,869,18,NA,NA,NA
1983,Denver Broncos,16,302,4811,1025,4.7,41,19,292,254,499,3027,17,22,5.5,155,471,1784,15,3.8,99,100,804,38,NA,NA,NA
1983,Tennessee Titans,16,288,4900,1033,4.7,47,18,295,260,482,2902,16,29,5.5,155,502,1998,16,4,120,84,784,20,NA,NA,NA
1983,Buffalo Bills,16,283,4823,1023,4.7,40,12,309,317,571,3087,30,28,5.1,171,415,1736,4,4.2,100,144,1094,38,NA,NA,NA
1983,New England Patriots,16,274,5311,995,5.3,38,20,284,220,412,2706,16,18,5.9,138,538,2605,19,4.8,130,90,815,16,NA,NA,NA
1983,New York Giants,16,267,5285,1130,4.7,58,27,296,284,575,3491,12,31,5.6,164,506,1794,9,3.5,104,113,1020,28,NA,NA,NA
1983,Indianapolis Colts,16,264,5018,1025,4.9,33,11,272,188,377,2323,12,22,5.5,110,601,2695,10,4.5,146,120,986,16,NA,NA,NA
1983,Tampa Bay Buccaneers,16,241,4477,1005,4.5,37,13,249,300,528,3124,18,24,5.4,157,428,1353,9,3.2,72,94,832,20,NA,NA,NA
1983,Philadelphia Eagles,16,233,4534,945,4.8,36,18,253,252,486,3117,22,18,5.7,150,402,1417,5,3.5,91,79,637,12,NA,NA,NA
1984,Miami Dolphins,16,513,6936,1070,6.5,28,10,387,367,572,5018,49,18,8.6,243,484,1918,18,4,115,67,527,29,NA,NA,NA
1984,San Francisco 49ers,16,475,6366,1057,6,22,12,356,312,496,3901,32,10,7.5,204,534,2465,21,4.6,138,100,884,14,NA,NA,NA
1984,Washington Redskins,16,426,5350,1121,4.8,28,15,339,286,485,3076,24,13,5.8,164,588,2274,20,3.9,154,80,723,21,NA,NA,NA
1984,Arizona Cardinals,16,423,6345,1103,5.8,36,20,345,347,566,4257,28,16,6.9,200,488,2088,21,4.3,129,109,904,16,NA,NA,NA
1984,Seattle Seahawks,16,418,5068,1034,4.9,39,13,287,283,497,3423,32,26,6.4,171,495,1645,10,3.3,94,128,1179,22,NA,NA,NA
1984,Los Angeles Chargers,16,394,6297,1154,5.5,38,17,374,401,662,4643,25,21,6.7,240,456,1654,18,3.6,106,112,1023,28,NA,NA,NA
1984,Green Bay Packers,16,390,5449,1009,5.4,37,7,315,281,506,3430,30,30,6.3,168,461,2019,18,4.4,120,110,915,27,NA,NA,NA
1984,Pittsburgh Steelers,16,387,5420,1052,5.2,40,15,302,240,443,3241,25,25,6.8,167,574,2179,13,3.8,117,112,948,18,NA,NA,NA
1984,Los Angeles Raiders,16,368,5244,1061,4.9,48,20,301,266,491,3358,21,28,6.2,162,516,1886,19,3.7,114,143,1209,25,NA,NA,NA
1984,New England Patriots,16,362,5263,1048,5,29,15,315,292,500,3231,26,14,5.7,186,482,2032,15,4.2,104,86,674,25,NA,NA,NA
1984,Denver Broncos,16,353,4935,1018,4.8,34,17,299,263,475,2859,22,17,5.6,152,508,2076,12,4.1,121,78,636,26,NA,NA,NA
1984,Los Angeles Rams,16,346,5006,931,5.4,35,18,258,176,358,2142,16,17,5.5,100,541,2864,16,5.3,140,93,830,18,NA,NA,NA
1984,Cincinnati Bengals,16,339,5480,1081,5.1,39,17,339,306,496,3301,17,22,6.1,179,540,2179,18,4,135,85,693,25,NA,NA,NA
1984,Tampa Bay Buccaneers,16,335,5321,1091,4.9,43,20,344,334,563,3545,22,23,5.8,209,483,1776,17,3.7,114,118,875,21,NA,NA,NA
1984,New York Jets,16,332,5148,1044,4.9,34,13,310,272,488,2959,20,21,5.5,176,504,2189,17,4.3,118,96,779,16,NA,NA,NA
1984,Chicago Bears,16,325,5437,1100,4.9,31,16,297,226,390,2463,14,15,5.8,115,674,2974,22,4.4,164,114,851,18,NA,NA,NA
1984,Kansas City Chiefs,16,314,5095,1034,4.9,37,15,295,305,593,3568,21,22,5.7,178,408,1527,12,3.7,88,98,801,29,NA,NA,NA
1984,Dallas Cowboys,16,308,5320,1121,4.7,43,17,323,322,604,3606,19,26,5.5,202,469,1714,12,3.7,93,100,947,28,NA,NA,NA
1984,New York Giants,16,299,5292,1083,4.9,27,9,310,288,535,3632,22,18,6.2,198,493,1660,12,3.4,97,79,703,15,NA,NA,NA
1984,New Orleans Saints,16,298,5008,1044,4.8,41,13,298,246,476,2837,21,28,5.4,137,523,2171,9,4.2,131,101,849,30,NA,NA,NA
1984,Detroit Lions,16,283,5318,1038,5.1,36,14,306,298,531,3301,19,22,5.6,170,446,2017,13,4.5,118,138,1165,18,NA,NA,NA
1984,Atlanta Falcons,16,281,5044,1034,4.9,41,21,292,294,478,3050,14,20,5.6,151,489,1994,16,4.1,123,125,1011,18,NA,NA,NA
1984,Philadelphia Eagles,16,278,4698,1047,4.5,33,16,280,331,606,3360,19,17,5,176,381,1338,6,3.5,83,77,632,21,NA,NA,NA
1984,Minnesota Vikings,16,276,4716,1041,4.5,41,16,289,281,533,2872,18,25,4.8,150,444,1844,10,4.2,111,90,762,28,NA,NA,NA
1984,Cleveland Browns,16,250,4828,1039,4.6,39,16,295,273,495,3132,14,23,5.7,180,489,1696,10,3.5,89,111,928,26,NA,NA,NA
1984,Buffalo Bills,16,250,4341,1046,4.2,44,14,263,298,588,2698,18,30,4.2,149,398,1643,9,4.1,98,121,997,16,NA,NA,NA
1984,Tennessee Titans,16,240,4884,969,5,31,16,284,282,487,3228,14,15,6,164,433,1656,13,3.8,95,99,813,25,NA,NA,NA
1984,Indianapolis Colts,16,239,4132,979,4.2,38,16,254,206,411,2107,13,22,4.5,117,510,2025,13,4,114,95,798,23,NA,NA,NA
1985,Los Angeles Chargers,16,467,6535,1111,5.9,49,19,380,386,632,4870,37,30,7.3,259,440,1665,20,3.8,92,100,937,29,NA,NA,NA
1985,Chicago Bears,16,456,5837,1085,5.4,31,15,343,237,432,3076,17,16,6.5,145,610,2761,27,4.5,176,104,912,22,NA,NA,NA
1985,Cincinnati Bengals,16,441,5900,1062,5.6,29,16,344,302,518,3717,31,13,6.6,191,503,2183,20,4.3,125,110,795,28,NA,NA,NA
1985,Miami Dolphins,16,428,5843,1039,5.6,41,20,361,343,576,4114,31,21,6.9,218,444,1729,19,3.9,116,77,637,27,NA,NA,NA
1985,San Francisco 49ers,16,411,5920,1069,5.5,34,20,340,331,550,3688,28,14,6.2,179,477,2232,20,4.7,137,105,868,24,NA,NA,NA
1985,New York Giants,16,399,5884,1130,5.2,38,18,356,275,497,3433,22,20,6.3,192,581,2451,24,4.2,138,80,781,26,NA,NA,NA
1985,New York Jets,16,393,5896,1123,5.3,29,21,344,303,497,3584,25,8,6.4,201,564,2312,18,4.1,121,119,907,22,NA,NA,NA
1985,Denver Broncos,16,380,5496,1152,4.8,31,8,339,329,617,3645,23,23,5.6,192,497,1851,20,3.7,113,85,677,34,NA,NA,NA
1985,Pittsburgh Steelers,16,379,5350,1086,4.9,36,9,315,254,512,3173,23,27,5.8,165,541,2177,14,4,125,85,665,25,NA,NA,NA
1985,New England Patriots,16,362,5499,1061,5.2,42,20,294,255,457,3168,20,22,6.4,153,565,2331,15,4.1,126,114,842,15,NA,NA,NA
1985,Dallas Cowboys,16,357,5602,1093,5.1,41,16,336,344,587,3861,27,25,6.1,208,462,1741,11,3.8,95,100,759,33,NA,NA,NA
1985,Los Angeles Raiders,16,354,5408,1081,5,38,14,304,269,506,3146,20,24,5.7,167,532,2262,18,4.3,111,116,962,26,NA,NA,NA
1985,Seattle Seahawks,16,349,5007,1090,4.6,41,18,299,304,575,3363,28,23,5.4,179,462,1644,9,3.6,96,102,827,24,NA,NA,NA
1985,Minnesota Vikings,16,346,5151,1027,5,47,18,317,311,576,3635,22,29,5.9,189,406,1516,19,3.7,95,88,690,33,NA,NA,NA
1985,Los Angeles Rams,16,340,4520,963,4.7,35,21,258,234,403,2463,16,14,5.4,131,503,2057,15,4.1,115,97,730,12,NA,NA,NA
1985,Green Bay Packers,16,337,5371,1033,5.2,45,18,318,267,513,3163,21,27,5.6,172,470,2208,16,4.7,114,101,798,32,NA,NA,NA
1985,Indianapolis Colts,16,320,5006,988,5.1,34,14,282,235,468,2567,15,20,5.1,130,485,2439,22,5,131,87,678,21,NA,NA,NA
1985,Kansas City Chiefs,16,317,4877,982,5,34,11,258,267,511,3391,23,23,6.1,158,428,1486,10,3.5,79,87,666,21,NA,NA,NA
1985,Detroit Lions,16,307,4476,967,4.6,41,20,259,254,462,2938,19,21,5.7,150,452,1538,13,3.4,89,104,741,20,NA,NA,NA
1985,Washington Redskins,16,297,5338,1135,4.7,40,19,319,280,512,2815,13,21,5,157,571,2523,20,4.4,147,74,596,15,NA,NA,NA
1985,Tampa Bay Buccaneers,16,294,4766,982,4.9,48,22,291,269,508,3122,22,26,5.7,162,434,1644,11,3.8,95,103,751,34,NA,NA,NA
1985,New Orleans Saints,16,294,4479,997,4.5,36,13,250,260,508,2796,20,23,4.9,148,431,1683,4,3.9,83,96,805,19,NA,NA,NA
1985,Cleveland Browns,16,287,4921,983,5,36,23,271,222,414,2636,17,13,5.9,128,533,2285,16,4.3,119,99,753,24,NA,NA,NA
1985,Philadelphia Eagles,16,286,5216,1050,5,40,12,292,290,567,3586,19,28,5.8,188,428,1630,8,3.8,82,98,736,22,NA,NA,NA
1985,Tennessee Titans,16,284,4652,998,4.7,37,15,270,277,512,3082,18,22,5.4,149,428,1570,13,3.7,96,127,1150,25,NA,NA,NA
1985,Atlanta Falcons,16,282,4960,1091,4.5,30,10,296,254,462,2494,13,20,4.7,132,560,2466,14,4.4,149,126,1149,15,NA,NA,NA
1985,Arizona Cardinals,16,278,5086,1016,5,34,16,301,296,534,3112,19,18,5.2,171,417,1974,14,4.7,108,101,816,22,NA,NA,NA
1985,Buffalo Bills,16,200,4595,971,4.7,52,21,256,263,517,2984,9,31,5.3,151,412,1611,13,3.9,86,132,965,19,NA,NA,NA
1986,Los Angeles Chargers,16,467,6535,1111,5.9,49,19,380,386,632,4870,37,30,7.3,259,440,1665,20,3.8,92,100,937,29,NA,NA,NA
1986,Chicago Bears,16,456,5837,1085,5.4,31,15,343,237,432,3076,17,16,6.5,145,610,2761,27,4.5,176,104,912,22,NA,NA,NA
1986,Cincinnati Bengals,16,441,5900,1062,5.6,29,16,344,302,518,3717,31,13,6.6,191,503,2183,20,4.3,125,110,795,28,NA,NA,NA
1986,Miami Dolphins,16,428,5843,1039,5.6,41,20,361,343,576,4114,31,21,6.9,218,444,1729,19,3.9,116,77,637,27,NA,NA,NA
1986,San Francisco 49ers,16,411,5920,1069,5.5,34,20,340,331,550,3688,28,14,6.2,179,477,2232,20,4.7,137,105,868,24,NA,NA,NA
1986,New York Giants,16,399,5884,1130,5.2,38,18,356,275,497,3433,22,20,6.3,192,581,2451,24,4.2,138,80,781,26,NA,NA,NA
1986,New York Jets,16,393,5896,1123,5.3,29,21,344,303,497,3584,25,8,6.4,201,564,2312,18,4.1,121,119,907,22,NA,NA,NA
1986,Denver Broncos,16,380,5496,1152,4.8,31,8,339,329,617,3645,23,23,5.6,192,497,1851,20,3.7,113,85,677,34,NA,NA,NA
1986,Pittsburgh Steelers,16,379,5350,1086,4.9,36,9,315,254,512,3173,23,27,5.8,165,541,2177,14,4,125,85,665,25,NA,NA,NA
1986,New England Patriots,16,362,5499,1061,5.2,42,20,294,255,457,3168,20,22,6.4,153,565,2331,15,4.1,126,114,842,15,NA,NA,NA
1986,Dallas Cowboys,16,357,5602,1093,5.1,41,16,336,344,587,3861,27,25,6.1,208,462,1741,11,3.8,95,100,759,33,NA,NA,NA
1986,Los Angeles Raiders,16,354,5408,1081,5,38,14,304,269,506,3146,20,24,5.7,167,532,2262,18,4.3,111,116,962,26,NA,NA,NA
1986,Seattle Seahawks,16,349,5007,1090,4.6,41,18,299,304,575,3363,28,23,5.4,179,462,1644,9,3.6,96,102,827,24,NA,NA,NA
1986,Minnesota Vikings,16,346,5151,1027,5,47,18,317,311,576,3635,22,29,5.9,189,406,1516,19,3.7,95,88,690,33,NA,NA,NA
1986,Los Angeles Rams,16,340,4520,963,4.7,35,21,258,234,403,2463,16,14,5.4,131,503,2057,15,4.1,115,97,730,12,NA,NA,NA
1986,Green Bay Packers,16,337,5371,1033,5.2,45,18,318,267,513,3163,21,27,5.6,172,470,2208,16,4.7,114,101,798,32,NA,NA,NA
1986,Indianapolis Colts,16,320,5006,988,5.1,34,14,282,235,468,2567,15,20,5.1,130,485,2439,22,5,131,87,678,21,NA,NA,NA
1986,Kansas City Chiefs,16,317,4877,982,5,34,11,258,267,511,3391,23,23,6.1,158,428,1486,10,3.5,79,87,666,21,NA,NA,NA
1986,Detroit Lions,16,307,4476,967,4.6,41,20,259,254,462,2938,19,21,5.7,150,452,1538,13,3.4,89,104,741,20,NA,NA,NA
1986,Washington Redskins,16,297,5338,1135,4.7,40,19,319,280,512,2815,13,21,5,157,571,2523,20,4.4,147,74,596,15,NA,NA,NA
1986,Tampa Bay Buccaneers,16,294,4766,982,4.9,48,22,291,269,508,3122,22,26,5.7,162,434,1644,11,3.8,95,103,751,34,NA,NA,NA
1986,New Orleans Saints,16,294,4479,997,4.5,36,13,250,260,508,2796,20,23,4.9,148,431,1683,4,3.9,83,96,805,19,NA,NA,NA
1986,Cleveland Browns,16,287,4921,983,5,36,23,271,222,414,2636,17,13,5.9,128,533,2285,16,4.3,119,99,753,24,NA,NA,NA
1986,Philadelphia Eagles,16,286,5216,1050,5,40,12,292,290,567,3586,19,28,5.8,188,428,1630,8,3.8,82,98,736,22,NA,NA,NA
1986,Tennessee Titans,16,284,4652,998,4.7,37,15,270,277,512,3082,18,22,5.4,149,428,1570,13,3.7,96,127,1150,25,NA,NA,NA
1986,Atlanta Falcons,16,282,4960,1091,4.5,30,10,296,254,462,2494,13,20,4.7,132,560,2466,14,4.4,149,126,1149,15,NA,NA,NA
1986,Arizona Cardinals,16,278,5086,1016,5,34,16,301,296,534,3112,19,18,5.2,171,417,1974,14,4.7,108,101,816,22,NA,NA,NA
1986,Buffalo Bills,16,200,4595,971,4.7,52,21,256,263,517,2984,9,31,5.3,151,412,1611,13,3.9,86,132,965,19,NA,NA,NA
1987,San Francisco 49ers,15,459,5987,1054,5.7,26,12,357,322,501,3750,44,14,7.1,202,524,2237,11,4.3,134,88,792,21,NA,NA,NA
1987,New Orleans Saints,15,422,4964,1009,4.9,28,16,304,227,411,2774,23,12,6.3,151,569,2190,20,3.8,128,107,994,25,NA,NA,NA
1987,Cleveland Browns,15,390,5200,985,5.3,29,17,310,291,482,3455,27,12,6.8,171,474,1745,16,3.7,110,100,857,29,NA,NA,NA
1987,Washington Redskins,15,379,5597,1005,5.6,37,19,301,247,478,3495,27,18,6.9,153,500,2102,18,4.2,119,82,691,29,NA,NA,NA
1987,Denver Broncos,15,379,5624,1070,5.3,36,17,331,285,530,3654,24,19,6.5,173,510,1970,18,3.9,132,95,812,26,NA,NA,NA
1987,Seattle Seahawks,15,371,4735,937,5.1,36,15,301,237,405,2712,31,21,6.1,154,496,2023,13,4.1,120,79,668,27,NA,NA,NA
1987,Arizona Cardinals,15,362,5326,1045,5.1,27,12,325,305,529,3453,25,15,5.9,189,462,1873,15,4.1,115,101,797,21,NA,NA,NA
1987,Miami Dolphins,15,362,5538,1005,5.5,37,17,331,338,584,3876,29,20,6.5,197,408,1662,16,4.1,109,76,634,25,NA,NA,NA
1987,Chicago Bears,15,356,5044,1026,4.9,44,20,319,272,493,3090,23,24,5.7,156,485,1954,13,4,121,103,821,42,NA,NA,NA
1987,Tennessee Titans,15,345,5223,998,5.2,37,14,294,240,482,3300,24,23,6.4,150,486,1923,12,4,118,114,1029,26,NA,NA,NA
1987,Dallas Cowboys,15,340,5056,1017,5,40,20,293,288,500,3191,19,20,5.8,176,465,1865,17,4,93,131,1091,24,NA,NA,NA
1987,Philadelphia Eagles,15,337,5077,1101,4.6,35,19,289,283,520,3050,26,16,5.2,154,509,2027,12,4,112,116,919,23,NA,NA,NA
1987,Minnesota Vikings,15,336,4809,980,4.9,33,10,293,232,446,2826,21,23,5.7,136,482,1983,20,4.1,129,96,814,28,NA,NA,NA
1987,New York Jets,15,334,4630,1041,4.4,34,19,292,302,517,2959,18,15,5.1,169,458,1671,17,3.6,97,135,1055,26,NA,NA,NA
1987,New England Patriots,15,320,4454,986,4.5,31,13,266,236,440,2683,22,18,5.7,158,513,1771,12,3.5,84,64,506,24,NA,NA,NA
1987,Los Angeles Rams,15,317,4651,957,4.9,33,15,276,220,420,2554,16,18,5.7,136,512,2097,15,4.1,118,91,677,22,NA,NA,NA
1987,Los Angeles Raiders,15,301,5267,985,5.3,31,13,300,247,457,3070,19,18,6,158,475,2197,13,4.6,107,114,1048,35,NA,NA,NA
1987,Indianapolis Colts,15,300,4995,968,5.2,34,18,285,255,447,2852,16,16,6.1,138,497,2143,14,4.3,122,90,742,25,NA,NA,NA
1987,Tampa Bay Buccaneers,15,286,4381,954,4.6,31,14,263,264,517,3016,22,17,5.4,168,394,1365,7,3.5,62,115,894,33,NA,NA,NA
1987,Cincinnati Bengals,15,285,5377,1045,5.1,32,12,319,255,475,3213,17,20,6.3,159,538,2164,13,4,130,99,791,30,NA,NA,NA
1987,Pittsburgh Steelers,15,285,4410,973,4.5,33,8,263,198,429,2266,13,25,5,126,517,2144,11,4.1,114,105,801,23,NA,NA,NA
1987,New York Giants,15,280,4659,1000,4.7,42,20,266,265,499,3202,26,22,5.7,168,440,1457,4,3.3,80,100,835,18,NA,NA,NA
1987,Kansas City Chiefs,15,273,4418,899,4.9,41,24,265,236,432,2619,17,17,5.5,141,419,1799,7,4.3,97,108,861,27,NA,NA,NA
1987,Buffalo Bills,15,270,4741,1018,4.7,43,24,294,292,516,2901,21,19,5.2,151,465,1840,9,4,111,94,762,32,NA,NA,NA
1987,Detroit Lions,15,269,4391,933,4.7,37,11,270,275,509,2956,16,26,5.5,156,398,1435,9,3.6,81,86,737,33,NA,NA,NA
1987,Green Bay Packers,15,255,4482,964,4.6,35,18,248,234,455,2681,15,17,5.4,133,464,1801,13,3.9,97,135,1103,18,NA,NA,NA
1987,Los Angeles Chargers,15,253,4588,951,4.8,43,20,264,303,516,3280,13,23,5.9,175,396,1308,11,3.3,68,98,743,21,NA,NA,NA
1987,Atlanta Falcons,15,205,4066,880,4.6,49,17,230,247,501,2768,17,32,5.1,139,333,1298,5,3.9,73,98,807,18,NA,NA,NA
1988,Cincinnati Bengals,16,448,6057,985,6.1,27,13,351,225,392,3347,28,14,7.9,165,563,2710,27,4.8,159,82,647,27,NA,NA,NA
1988,Tennessee Titans,16,424,5205,1010,5.2,35,17,308,218,428,2956,21,18,6.5,148,558,2249,26,4,141,125,1150,19,NA,NA,NA
1988,Los Angeles Rams,16,407,5808,1057,5.5,34,16,333,312,522,3805,31,18,6.9,203,507,2003,16,4,114,78,587,16,NA,NA,NA
1988,Minnesota Vikings,16,406,5595,1068,5.2,30,12,318,294,520,3789,20,18,6.7,187,501,1806,22,3.6,112,118,998,19,NA,NA,NA
1988,Philadelphia Eagles,16,379,5430,1102,4.9,26,9,318,309,581,3485,25,17,5.5,179,464,1945,17,4.2,105,115,907,34,NA,NA,NA
1988,New York Jets,16,372,5215,1094,4.8,27,16,331,299,538,3083,20,11,5.3,181,514,2132,19,4.1,118,115,931,32,NA,NA,NA
1988,San Francisco 49ers,16,369,5900,1076,5.5,26,12,326,293,502,3377,21,14,6.2,167,527,2523,18,4.8,141,115,986,18,NA,NA,NA
1988,New York Giants,16,359,4955,1078,4.6,27,13,317,290,525,3266,22,14,5.6,168,493,1689,15,3.4,123,88,660,26,NA,NA,NA
1988,Indianapolis Colts,16,354,4870,982,5,30,8,311,222,403,2621,15,22,6,130,545,2249,23,4.1,153,89,657,28,NA,NA,NA
1988,Washington Redskins,16,345,5679,1053,5.4,46,21,307,327,592,4136,33,25,6.7,202,437,1543,8,3.5,88,96,817,17,NA,NA,NA
1988,Phoenix Cardinals,16,344,5807,1102,5.3,35,16,336,322,562,3780,26,19,6.1,195,480,2027,15,4.2,122,99,790,19,NA,NA,NA
1988,Seattle Seahawks,16,339,4842,983,4.9,34,14,291,245,437,2756,22,20,5.9,139,517,2086,14,4,125,89,790,27,NA,NA,NA
1988,Pittsburgh Steelers,16,336,5204,1030,5.1,39,19,292,226,489,2976,15,20,5.6,150,499,2228,17,4.5,120,99,803,22,NA,NA,NA
1988,Buffalo Bills,16,329,5315,1012,5.3,33,16,313,271,454,3182,15,17,6.6,161,528,2133,15,4,137,109,824,15,NA,NA,NA
1988,Denver Broncos,16,327,5506,1077,5.1,34,12,338,324,581,3691,24,22,6,196,464,1815,13,3.9,106,85,717,36,NA,NA,NA
1988,Los Angeles Raiders,16,325,4961,1035,4.8,33,13,283,219,496,3109,21,20,5.7,145,493,1852,15,3.8,116,102,762,22,NA,NA,NA
1988,Miami Dolphins,16,319,5721,963,5.9,35,12,321,363,621,4516,29,23,7.2,218,335,1205,11,3.6,77,99,845,26,NA,NA,NA
1988,New Orleans Saints,16,312,5131,1034,5,32,16,306,286,498,3085,21,16,5.9,179,512,2046,9,4,108,101,821,19,NA,NA,NA
1988,Chicago Bears,16,312,5317,1040,5.1,34,19,303,248,461,2998,13,15,6.2,134,555,2319,25,4.2,137,88,644,32,NA,NA,NA
1988,Cleveland Browns,16,304,5011,1013,4.9,33,16,294,313,537,3436,19,17,6,177,440,1575,10,3.6,93,110,875,24,NA,NA,NA
1988,Dallas Cowboys,16,265,5483,1059,5.2,40,13,311,307,555,3488,21,27,5.9,175,469,1995,10,4.3,112,141,1148,24,NA,NA,NA
1988,Tampa Bay Buccaneers,16,261,5061,998,5.1,52,16,295,253,512,3308,16,36,6.1,173,452,1753,11,3.9,91,102,816,31,NA,NA,NA
1988,Kansas City Chiefs,16,254,4844,1019,4.8,33,12,289,282,528,3131,16,21,5.5,161,448,1713,8,3.8,104,85,636,24,NA,NA,NA
1988,New England Patriots,16,250,4293,1000,4.3,38,10,264,199,389,2173,12,28,5.3,112,588,2120,17,3.6,126,87,665,26,NA,NA,NA
1988,Atlanta Falcons,16,244,4582,1002,4.6,37,18,257,250,481,2566,13,19,4.9,136,478,2016,11,4.2,106,67,542,15,NA,NA,NA
1988,Green Bay Packers,16,240,4664,1018,4.6,50,26,280,319,582,3285,13,24,5.2,175,385,1379,14,3.6,78,94,785,27,NA,NA,NA
1988,Los Angeles Chargers,16,231,4429,937,4.7,32,12,255,241,468,2388,11,20,4.8,116,438,2041,11,4.7,115,118,1039,24,NA,NA,NA
1988,Detroit Lions,16,220,3405,920,3.7,33,15,226,213,477,2162,13,18,4.1,141,391,1243,7,3.2,63,94,804,22,NA,NA,NA
1989,San Francisco 49ers,16,442,6268,1021,6.1,25,14,350,339,483,4302,35,11,8.1,209,493,1966,14,4,124,109,922,17,NA,NA,NA
1989,Los Angeles Rams,16,426,6042,1027,5.9,29,11,321,308,523,4133,29,18,7.4,197,472,1909,19,4,107,102,823,17,NA,NA,NA
1989,Buffalo Bills,16,409,5853,1045,5.6,41,21,334,281,478,3589,32,20,7,177,532,2264,15,4.3,136,103,831,21,NA,NA,NA
1989,Cincinnati Bengals,16,404,6101,1083,5.6,32,19,348,288,513,3618,32,13,6.5,183,529,2483,17,4.7,136,85,637,29,NA,NA,NA
1989,Washington Redskins,16,386,6253,1116,5.6,37,20,338,337,581,4349,24,17,7.2,217,514,1904,14,3.7,101,105,881,20,NA,NA,NA
1989,New Orleans Saints,16,386,5328,999,5.3,31,12,304,284,461,3380,23,19,6.8,167,502,1948,19,3.9,108,90,676,29,NA,NA,NA
1989,Tennessee Titans,16,365,5427,1028,5.3,33,17,327,295,496,3499,23,16,6.6,185,495,1928,16,3.9,112,149,1153,30,NA,NA,NA
1989,Denver Broncos,16,362,5093,1071,4.8,32,12,308,256,474,3001,21,20,5.8,163,554,2092,15,3.8,125,83,594,20,NA,NA,NA
1989,Green Bay Packers,16,362,5780,1045,5.5,33,13,342,354,600,4048,27,20,6.2,207,397,1732,13,4.4,114,81,666,21,NA,NA,NA
1989,Chicago Bears,16,358,5375,1028,5.2,42,17,302,267,484,3088,21,25,6,147,516,2287,22,4.4,136,95,846,19,NA,NA,NA
1989,Minnesota Vikings,16,351,5255,1053,5,33,14,326,272,499,3189,17,19,5.9,172,514,2066,12,4,126,119,974,28,NA,NA,NA
1989,New York Giants,16,348,4963,1046,4.7,30,14,298,248,444,3074,17,16,6.3,157,556,1889,17,3.4,118,83,675,23,NA,NA,NA
1989,Philadelphia Eagles,16,342,5320,1123,4.7,32,16,321,294,538,3112,23,16,5.3,171,540,2208,14,4.1,120,114,938,30,NA,NA,NA
1989,Cleveland Browns,16,334,5042,1011,5,30,15,285,309,529,3433,20,15,6.1,161,448,1609,14,3.6,101,128,973,23,NA,NA,NA
1989,Miami Dolphins,16,331,5546,1011,5.5,41,16,310,331,601,4216,26,25,6.9,201,400,1330,10,3.3,88,83,614,21,NA,NA,NA
1989,Tampa Bay Buccaneers,16,320,4842,1025,4.7,37,9,288,302,570,3335,23,28,5.4,174,412,1507,10,3.7,84,104,881,30,NA,NA,NA
1989,Kansas City Chiefs,16,318,5265,1017,5.2,41,18,304,259,435,3038,14,23,6.6,165,559,2227,18,4,120,116,878,19,NA,NA,NA
1989,Los Angeles Raiders,16,315,4989,912,5.5,34,12,259,201,414,2951,21,22,6.4,143,454,2038,9,4.5,93,132,1105,23,NA,NA,NA
1989,Detroit Lions,16,312,4992,928,5.4,48,24,274,229,450,2939,11,24,5.8,139,421,2053,23,4.9,117,121,977,18,NA,NA,NA
1989,Indianapolis Colts,16,298,4813,979,4.9,27,10,273,253,493,2960,18,17,5.7,140,458,1853,11,4,118,89,704,15,NA,NA,NA
1989,New England Patriots,16,297,5456,1129,4.8,39,12,335,302,610,3707,17,27,5.8,187,485,1749,12,3.6,114,63,509,34,NA,NA,NA
1989,Atlanta Falcons,16,279,4669,947,4.9,23,11,261,312,578,3514,17,12,5.6,173,318,1155,11,3.6,75,82,671,13,NA,NA,NA
1989,Los Angeles Chargers,16,266,4910,986,5,36,17,267,270,515,3037,15,19,5.5,149,432,1873,13,4.3,95,122,906,23,NA,NA,NA
1989,Pittsburgh Steelers,16,265,3996,955,4.2,31,18,244,210,404,2178,10,13,4.8,117,500,1818,17,3.6,106,116,986,21,NA,NA,NA
1989,Phoenix Cardinals,16,258,4641,986,4.7,44,14,262,279,523,3280,17,30,5.7,157,407,1361,10,3.3,83,113,856,22,NA,NA,NA
1989,New York Jets,16,253,5011,1032,4.9,41,17,292,338,570,3415,14,24,5.4,189,400,1596,11,4,91,116,953,12,NA,NA,NA
1989,Seattle Seahawks,16,241,4596,1010,4.6,37,14,290,316,559,3204,21,23,5.3,180,405,1392,5,3.4,86,79,738,24,NA,NA,NA
1989,Dallas Cowboys,16,204,4294,898,4.8,42,15,246,266,513,2885,14,27,5.3,145,355,1409,7,4,78,100,771,23,NA,NA,NA
1990,Buffalo Bills,16,428,5276,931,5.7,21,10,302,263,425,3196,28,11,7.1,161,479,2080,20,4.3,123,92,683,18,NA,NA,NA
1990,Tennessee Titans,16,405,6222,1006,6.2,36,21,376,399,639,4805,37,15,7.1,251,328,1417,10,4.3,97,135,1009,28,NA,NA,NA
1990,Philadelphia Eagles,16,396,5700,1069,5.3,28,15,325,281,479,3144,34,13,5.9,170,540,2556,10,4.7,132,120,981,23,NA,NA,NA
1990,Washington Redskins,16,381,5562,1073,5.2,28,6,327,301,536,3479,22,22,6.2,193,515,2083,16,4,117,102,824,17,NA,NA,NA
1990,Detroit Lions,16,373,4977,870,5.7,36,16,278,242,460,3050,24,20,6.1,152,366,1927,19,5.3,112,88,711,14,NA,NA,NA
1990,Kansas City Chiefs,16,369,5215,975,5.3,19,14,280,260,449,3267,23,5,6.9,153,504,1948,11,3.9,104,111,886,23,NA,NA,NA
1990,Cincinnati Bengals,16,360,5063,943,5.4,35,12,277,237,425,2943,25,23,6.4,151,484,2120,16,4.4,107,83,627,19,NA,NA,NA
1990,San Francisco 49ers,16,353,5895,1074,5.5,30,14,324,360,583,4177,28,16,6.7,201,454,1718,12,3.8,107,104,828,16,NA,NA,NA
1990,Minnesota Vikings,16,351,5034,1001,5,37,13,288,265,497,3167,25,24,5.8,164,455,1867,10,4.1,106,83,565,18,NA,NA,NA
1990,Atlanta Falcons,16,348,5055,994,5.1,39,21,273,293,528,3461,21,18,6,168,420,1594,11,3.8,84,125,1004,21,NA,NA,NA
1990,Chicago Bears,16,348,4980,1024,4.9,26,14,295,229,430,2544,14,12,5.4,134,551,2436,22,4.4,142,75,615,19,NA,NA,NA
1990,Los Angeles Rams,16,345,5430,1013,5.4,31,14,311,310,561,3818,24,17,6.5,191,422,1612,17,3.8,89,87,632,31,NA,NA,NA
1990,Los Angeles Raiders,16,337,4716,861,5.5,24,14,258,183,336,2688,19,10,7.4,133,496,2028,20,4.1,110,97,682,15,NA,NA,NA
1990,Miami Dolphins,16,336,5047,975,5.2,27,15,303,310,539,3512,21,12,6.3,190,420,1535,13,3.7,90,64,486,23,NA,NA,NA
1990,New York Giants,16,335,4805,968,5,14,9,273,231,398,2756,18,5,6.5,135,541,2049,17,3.8,120,83,655,18,NA,NA,NA
1990,Denver Broncos,16,331,5213,1035,5,32,14,323,305,527,3341,15,18,5.8,170,462,1872,19,4.1,126,108,775,27,NA,NA,NA
1990,Los Angeles Chargers,16,315,4940,976,5.1,32,13,272,246,472,2683,18,19,5.5,142,484,2257,14,4.7,112,103,886,18,NA,NA,NA
1990,Seattle Seahawks,16,306,4583,945,4.8,36,16,284,265,448,2834,15,20,5.8,154,457,1749,18,3.8,112,89,746,18,NA,NA,NA
1990,New York Jets,16,295,4886,967,5.1,24,13,295,246,451,2759,14,11,5.6,143,476,2127,16,4.5,128,101,848,24,NA,NA,NA
1990,Pittsburgh Steelers,16,292,4525,897,5,32,17,263,237,408,2645,20,15,6,150,456,1880,11,4.1,93,110,928,20,NA,NA,NA
1990,Indianapolis Colts,16,281,4155,874,4.8,31,10,245,269,488,2873,22,21,5.3,142,335,1282,9,3.8,81,79,590,22,NA,NA,NA
1990,New Orleans Saints,16,274,4476,931,4.8,39,16,253,226,447,2626,15,23,5.6,133,464,1850,14,4,107,108,829,13,NA,NA,NA
1990,Green Bay Packers,16,271,4675,953,4.9,43,22,276,302,541,3306,20,21,5.5,183,350,1369,5,3.9,72,84,669,21,NA,NA,NA
1990,Phoenix Cardinals,16,268,4745,934,5.1,32,14,270,238,439,2833,16,18,5.9,135,452,1912,13,4.2,115,96,883,20,NA,NA,NA
1990,Tampa Bay Buccaneers,16,264,4475,911,4.9,43,19,238,245,448,2849,18,24,5.7,142,410,1626,7,4,83,77,651,13,NA,NA,NA
1990,Dallas Cowboys,16,244,4081,911,4.5,33,9,250,254,475,2581,12,24,5,135,393,1500,13,3.8,88,98,729,27,NA,NA,NA
1990,Cleveland Browns,16,228,4367,960,4.5,46,23,259,301,573,3147,13,23,5.1,167,345,1220,10,3.5,74,122,922,18,NA,NA,NA
1990,New England Patriots,16,181,4163,955,4.4,36,16,239,274,514,2765,14,20,4.8,156,383,1398,4,3.7,65,99,744,18,NA,NA,NA
1991,Washington Redskins,16,485,5741,996,5.8,23,12,302,261,447,3692,30,11,8.1,179,540,2049,21,3.8,107,90,798,16,NA,NA,NA
1991,Buffalo Bills,16,458,6252,1056,5.9,35,16,359,332,516,3871,39,19,7,208,505,2381,16,4.7,128,113,865,23,NA,NA,NA
1991,San Francisco 49ers,16,393,5858,986,5.9,31,19,336,325,522,3997,29,12,7.3,197,440,1861,19,4.2,112,114,902,27,NA,NA,NA
1991,Tennessee Titans,16,386,5987,1022,5.9,40,19,353,411,667,4621,24,21,6.7,236,331,1366,16,4.1,99,99,784,18,NA,NA,NA
1991,Atlanta Falcons,16,361,5113,940,5.4,36,14,258,260,499,3449,30,22,6.5,162,410,1664,6,4.1,82,113,929,14,NA,NA,NA
1991,Miami Dolphins,16,343,5241,970,5.4,28,14,312,327,563,3889,26,14,6.6,205,379,1352,8,3.6,91,62,516,16,NA,NA,NA
1991,Dallas Cowboys,16,342,5101,971,5.3,24,12,304,305,500,3390,16,12,6.3,191,433,1711,15,4,89,74,610,24,NA,NA,NA
1991,New Orleans Saints,16,341,4968,1008,4.9,30,15,267,292,506,3259,20,15,6.2,157,483,1709,15,3.5,93,101,801,17,NA,NA,NA
1991,Detroit Lions,16,339,4788,938,5.1,30,13,280,252,459,2858,16,17,5.9,148,454,1930,19,4.3,116,93,799,16,NA,NA,NA
1991,Kansas City Chiefs,16,322,5321,1021,5.2,22,8,322,284,479,3104,19,14,6.2,172,521,2217,14,4.3,127,94,724,23,NA,NA,NA
1991,New York Jets,16,314,5316,1059,5,25,13,331,295,503,3156,12,12,5.9,169,523,2160,17,4.1,133,103,814,29,NA,NA,NA
1991,Denver Broncos,16,304,5012,1012,5,25,13,284,246,459,2997,13,12,5.9,150,507,2015,16,4,117,94,715,17,NA,NA,NA
1991,Minnesota Vikings,16,301,5084,969,5.2,26,10,300,284,477,2883,16,16,5.7,158,464,2201,18,4.7,125,88,675,17,NA,NA,NA
1991,Chicago Bears,16,299,5069,1025,4.9,33,16,317,286,497,3120,16,17,6,168,502,1949,18,3.9,120,80,662,29,NA,NA,NA
1991,Los Angeles Raiders,16,298,4425,893,5,31,13,248,220,414,2719,20,18,6.1,132,446,1706,8,3.8,97,117,1013,19,NA,NA,NA
1991,Cleveland Browns,16,293,4664,934,5,18,8,265,312,503,3304,19,10,6.1,163,389,1360,12,3.5,82,108,872,20,NA,NA,NA
1991,Pittsburgh Steelers,16,292,4581,915,5,30,14,254,259,476,2954,20,16,5.7,158,394,1627,8,4.1,82,116,933,14,NA,NA,NA
1991,Philadelphia Eagles,16,285,4302,1004,4.3,43,16,249,285,513,2906,17,27,5.2,142,446,1396,8,3.1,86,111,839,21,NA,NA,NA
1991,New York Giants,16,281,4908,951,5.2,23,15,280,261,428,2844,13,8,6.1,148,487,2064,16,4.2,120,92,719,12,NA,NA,NA
1991,Seattle Seahawks,16,276,4534,924,4.9,43,17,253,290,488,3108,15,26,5.9,159,394,1426,11,3.6,80,85,682,14,NA,NA,NA
1991,Los Angeles Chargers,16,274,4995,1010,4.9,28,12,285,272,511,2747,13,16,5,155,464,2248,16,4.8,114,96,799,16,NA,NA,NA
1991,Green Bay Packers,16,273,4332,940,4.6,36,17,259,272,514,2943,17,19,5.3,150,381,1389,12,3.6,88,98,834,21,NA,NA,NA
1991,Cincinnati Bengals,16,263,4969,993,5,42,20,286,290,511,3158,14,22,5.8,162,449,1811,11,4,96,107,845,28,NA,NA,NA
1991,Los Angeles Rams,16,234,4695,936,5,40,20,270,289,518,3410,13,20,6.2,180,388,1285,11,3.3,75,108,774,15,NA,NA,NA
1991,New England Patriots,16,211,4473,977,4.6,42,20,259,284,481,3006,11,22,5.5,155,433,1467,9,3.4,93,97,667,11,NA,NA,NA
1991,Tampa Bay Buccaneers,16,199,4001,922,4.3,47,18,249,250,495,2572,13,29,4.7,147,371,1429,9,3.9,79,88,780,23,NA,NA,NA
1991,Phoenix Cardinals,16,196,3962,926,4.3,39,14,237,254,492,2667,10,25,5,143,391,1295,6,3.3,73,78,661,21,NA,NA,NA
1991,Indianapolis Colts,16,143,3748,923,4.1,31,15,236,305,512,2579,10,16,4.5,163,354,1169,3,3.3,55,85,689,18,NA,NA,NA
1992,Washington Redskins,16,485,5741,996,5.8,23,12,302,261,447,3692,30,11,8.1,179,540,2049,21,3.8,107,90,798,16,NA,NA,NA
1992,Buffalo Bills,16,458,6252,1056,5.9,35,16,359,332,516,3871,39,19,7,208,505,2381,16,4.7,128,113,865,23,NA,NA,NA
1992,San Francisco 49ers,16,393,5858,986,5.9,31,19,336,325,522,3997,29,12,7.3,197,440,1861,19,4.2,112,114,902,27,NA,NA,NA
1992,Tennessee Titans,16,386,5987,1022,5.9,40,19,353,411,667,4621,24,21,6.7,236,331,1366,16,4.1,99,99,784,18,NA,NA,NA
1992,Atlanta Falcons,16,361,5113,940,5.4,36,14,258,260,499,3449,30,22,6.5,162,410,1664,6,4.1,82,113,929,14,NA,NA,NA
1992,Miami Dolphins,16,343,5241,970,5.4,28,14,312,327,563,3889,26,14,6.6,205,379,1352,8,3.6,91,62,516,16,NA,NA,NA
1992,Dallas Cowboys,16,342,5101,971,5.3,24,12,304,305,500,3390,16,12,6.3,191,433,1711,15,4,89,74,610,24,NA,NA,NA
1992,New Orleans Saints,16,341,4968,1008,4.9,30,15,267,292,506,3259,20,15,6.2,157,483,1709,15,3.5,93,101,801,17,NA,NA,NA
1992,Detroit Lions,16,339,4788,938,5.1,30,13,280,252,459,2858,16,17,5.9,148,454,1930,19,4.3,116,93,799,16,NA,NA,NA
1992,Kansas City Chiefs,16,322,5321,1021,5.2,22,8,322,284,479,3104,19,14,6.2,172,521,2217,14,4.3,127,94,724,23,NA,NA,NA
1992,New York Jets,16,314,5316,1059,5,25,13,331,295,503,3156,12,12,5.9,169,523,2160,17,4.1,133,103,814,29,NA,NA,NA
1992,Denver Broncos,16,304,5012,1012,5,25,13,284,246,459,2997,13,12,5.9,150,507,2015,16,4,117,94,715,17,NA,NA,NA
1992,Minnesota Vikings,16,301,5084,969,5.2,26,10,300,284,477,2883,16,16,5.7,158,464,2201,18,4.7,125,88,675,17,NA,NA,NA
1992,Chicago Bears,16,299,5069,1025,4.9,33,16,317,286,497,3120,16,17,6,168,502,1949,18,3.9,120,80,662,29,NA,NA,NA
1992,Los Angeles Raiders,16,298,4425,893,5,31,13,248,220,414,2719,20,18,6.1,132,446,1706,8,3.8,97,117,1013,19,NA,NA,NA
1992,Cleveland Browns,16,293,4664,934,5,18,8,265,312,503,3304,19,10,6.1,163,389,1360,12,3.5,82,108,872,20,NA,NA,NA
1992,Pittsburgh Steelers,16,292,4581,915,5,30,14,254,259,476,2954,20,16,5.7,158,394,1627,8,4.1,82,116,933,14,NA,NA,NA
1992,Philadelphia Eagles,16,285,4302,1004,4.3,43,16,249,285,513,2906,17,27,5.2,142,446,1396,8,3.1,86,111,839,21,NA,NA,NA
1992,New York Giants,16,281,4908,951,5.2,23,15,280,261,428,2844,13,8,6.1,148,487,2064,16,4.2,120,92,719,12,NA,NA,NA
1992,Seattle Seahawks,16,276,4534,924,4.9,43,17,253,290,488,3108,15,26,5.9,159,394,1426,11,3.6,80,85,682,14,NA,NA,NA
1992,Los Angeles Chargers,16,274,4995,1010,4.9,28,12,285,272,511,2747,13,16,5,155,464,2248,16,4.8,114,96,799,16,NA,NA,NA
1992,Green Bay Packers,16,273,4332,940,4.6,36,17,259,272,514,2943,17,19,5.3,150,381,1389,12,3.6,88,98,834,21,NA,NA,NA
1992,Cincinnati Bengals,16,263,4969,993,5,42,20,286,290,511,3158,14,22,5.8,162,449,1811,11,4,96,107,845,28,NA,NA,NA
1992,Los Angeles Rams,16,234,4695,936,5,40,20,270,289,518,3410,13,20,6.2,180,388,1285,11,3.3,75,108,774,15,NA,NA,NA
1992,New England Patriots,16,211,4473,977,4.6,42,20,259,284,481,3006,11,22,5.5,155,433,1467,9,3.4,93,97,667,11,NA,NA,NA
1992,Tampa Bay Buccaneers,16,199,4001,922,4.3,47,18,249,250,495,2572,13,29,4.7,147,371,1429,9,3.9,79,88,780,23,NA,NA,NA
1992,Phoenix Cardinals,16,196,3962,926,4.3,39,14,237,254,492,2667,10,25,5,143,391,1295,6,3.3,73,78,661,21,NA,NA,NA
1992,Indianapolis Colts,16,143,3748,923,4.1,31,15,236,305,512,2579,10,16,4.5,163,354,1169,3,3.3,55,85,689,18,NA,NA,NA
1993,Washington Redskins,16,485,5741,996,5.8,23,12,302,261,447,3692,30,11,8.1,179,540,2049,21,3.8,107,90,798,16,NA,NA,NA
1993,Buffalo Bills,16,458,6252,1056,5.9,35,16,359,332,516,3871,39,19,7,208,505,2381,16,4.7,128,113,865,23,NA,NA,NA
1993,San Francisco 49ers,16,393,5858,986,5.9,31,19,336,325,522,3997,29,12,7.3,197,440,1861,19,4.2,112,114,902,27,NA,NA,NA
1993,Tennessee Titans,16,386,5987,1022,5.9,40,19,353,411,667,4621,24,21,6.7,236,331,1366,16,4.1,99,99,784,18,NA,NA,NA
1993,Atlanta Falcons,16,361,5113,940,5.4,36,14,258,260,499,3449,30,22,6.5,162,410,1664,6,4.1,82,113,929,14,NA,NA,NA
1993,Miami Dolphins,16,343,5241,970,5.4,28,14,312,327,563,3889,26,14,6.6,205,379,1352,8,3.6,91,62,516,16,NA,NA,NA
1993,Dallas Cowboys,16,342,5101,971,5.3,24,12,304,305,500,3390,16,12,6.3,191,433,1711,15,4,89,74,610,24,NA,NA,NA
1993,New Orleans Saints,16,341,4968,1008,4.9,30,15,267,292,506,3259,20,15,6.2,157,483,1709,15,3.5,93,101,801,17,NA,NA,NA
1993,Detroit Lions,16,339,4788,938,5.1,30,13,280,252,459,2858,16,17,5.9,148,454,1930,19,4.3,116,93,799,16,NA,NA,NA
1993,Kansas City Chiefs,16,322,5321,1021,5.2,22,8,322,284,479,3104,19,14,6.2,172,521,2217,14,4.3,127,94,724,23,NA,NA,NA
1993,New York Jets,16,314,5316,1059,5,25,13,331,295,503,3156,12,12,5.9,169,523,2160,17,4.1,133,103,814,29,NA,NA,NA
1993,Denver Broncos,16,304,5012,1012,5,25,13,284,246,459,2997,13,12,5.9,150,507,2015,16,4,117,94,715,17,NA,NA,NA
1993,Minnesota Vikings,16,301,5084,969,5.2,26,10,300,284,477,2883,16,16,5.7,158,464,2201,18,4.7,125,88,675,17,NA,NA,NA
1993,Chicago Bears,16,299,5069,1025,4.9,33,16,317,286,497,3120,16,17,6,168,502,1949,18,3.9,120,80,662,29,NA,NA,NA
1993,Los Angeles Raiders,16,298,4425,893,5,31,13,248,220,414,2719,20,18,6.1,132,446,1706,8,3.8,97,117,1013,19,NA,NA,NA
1993,Cleveland Browns,16,293,4664,934,5,18,8,265,312,503,3304,19,10,6.1,163,389,1360,12,3.5,82,108,872,20,NA,NA,NA
1993,Pittsburgh Steelers,16,292,4581,915,5,30,14,254,259,476,2954,20,16,5.7,158,394,1627,8,4.1,82,116,933,14,NA,NA,NA
1993,Philadelphia Eagles,16,285,4302,1004,4.3,43,16,249,285,513,2906,17,27,5.2,142,446,1396,8,3.1,86,111,839,21,NA,NA,NA
1993,New York Giants,16,281,4908,951,5.2,23,15,280,261,428,2844,13,8,6.1,148,487,2064,16,4.2,120,92,719,12,NA,NA,NA
1993,Seattle Seahawks,16,276,4534,924,4.9,43,17,253,290,488,3108,15,26,5.9,159,394,1426,11,3.6,80,85,682,14,NA,NA,NA
1993,Los Angeles Chargers,16,274,4995,1010,4.9,28,12,285,272,511,2747,13,16,5,155,464,2248,16,4.8,114,96,799,16,NA,NA,NA
1993,Green Bay Packers,16,273,4332,940,4.6,36,17,259,272,514,2943,17,19,5.3,150,381,1389,12,3.6,88,98,834,21,NA,NA,NA
1993,Cincinnati Bengals,16,263,4969,993,5,42,20,286,290,511,3158,14,22,5.8,162,449,1811,11,4,96,107,845,28,NA,NA,NA
1993,Los Angeles Rams,16,234,4695,936,5,40,20,270,289,518,3410,13,20,6.2,180,388,1285,11,3.3,75,108,774,15,NA,NA,NA
1993,New England Patriots,16,211,4473,977,4.6,42,20,259,284,481,3006,11,22,5.5,155,433,1467,9,3.4,93,97,667,11,NA,NA,NA
1993,Tampa Bay Buccaneers,16,199,4001,922,4.3,47,18,249,250,495,2572,13,29,4.7,147,371,1429,9,3.9,79,88,780,23,NA,NA,NA
1993,Phoenix Cardinals,16,196,3962,926,4.3,39,14,237,254,492,2667,10,25,5,143,391,1295,6,3.3,73,78,661,21,NA,NA,NA
1993,Indianapolis Colts,16,143,3748,923,4.1,31,15,236,305,512,2579,10,16,4.5,163,354,1169,3,3.3,55,85,689,18,NA,NA,NA
1994,San Francisco 49ers,16,505,6060,1037,5.8,24,13,362,359,511,4163,37,11,7.6,210,491,1897,23,3.9,122,109,890,30,NA,NA,NA
1994,Dallas Cowboys,16,414,5321,1018,5.2,24,10,322,282,448,3368,19,14,7.2,160,550,1953,26,3.6,136,100,895,26,NA,NA,NA
1994,Miami Dolphins,16,389,6078,1078,5.6,32,14,344,392,627,4420,31,18,6.9,220,433,1658,13,3.8,109,92,747,15,NA,NA,NA
1994,Green Bay Packers,16,382,5316,1059,5,22,8,314,375,609,3773,33,14,5.9,205,417,1543,11,3.7,88,85,760,21,NA,NA,NA
1994,Los Angeles Chargers,16,381,5220,1033,5.1,23,9,311,305,522,3368,20,14,6.1,181,482,1852,13,3.8,102,96,875,28,NA,NA,NA
1994,Detroit Lions,16,357,5002,891,5.6,24,10,280,250,459,2922,24,14,6,164,406,2080,12,5.1,94,109,781,22,NA,NA,NA
1994,Minnesota Vikings,16,356,5848,1123,5.2,34,14,325,409,673,4324,18,20,6.1,215,419,1524,11,3.6,92,112,880,18,NA,NA,NA
1994,New England Patriots,16,351,5776,1199,4.8,38,11,348,405,699,4444,25,27,6.2,243,478,1332,12,2.8,83,78,597,22,NA,NA,NA
1994,New Orleans Saints,16,348,5182,966,5.4,32,14,308,366,569,3846,22,18,6.5,203,373,1336,11,3.6,78,88,678,27,NA,NA,NA
1994,Denver Broncos,16,347,5487,1112,4.9,31,18,346,388,626,4017,18,13,5.9,202,431,1470,19,3.4,101,101,865,43,NA,NA,NA
1994,Cleveland Browns,16,340,4832,970,5,35,14,273,266,507,3175,20,21,6.1,161,449,1657,12,3.7,80,113,969,32,NA,NA,NA
1994,Buffalo Bills,16,340,5244,1066,4.9,34,13,319,342,542,3413,23,21,5.9,181,483,1831,14,3.8,107,92,631,31,NA,NA,NA
1994,Washington Redskins,16,320,4793,974,4.9,40,13,269,271,546,3378,25,27,6,166,407,1415,5,3.5,79,88,730,24,NA,NA,NA
1994,Kansas City Chiefs,16,319,5692,1098,5.2,26,12,322,366,615,3960,20,14,6.2,211,464,1732,12,3.7,97,127,911,14,NA,NA,NA
1994,Atlanta Falcons,16,317,5361,996,5.4,36,11,302,374,629,4112,25,25,6.2,218,330,1249,8,3.8,63,119,934,21,NA,NA,NA
1994,Pittsburgh Steelers,16,316,5144,1048,4.9,17,8,307,266,463,2964,17,9,5.9,148,546,2180,15,4,138,119,974,21,NA,NA,NA
1994,Philadelphia Eagles,16,308,5125,1046,4.9,26,12,293,316,566,3364,18,14,5.5,168,432,1761,14,4.1,103,138,1107,22,NA,NA,NA
1994,Indianapolis Colts,16,307,4413,899,4.9,31,17,252,217,376,2353,15,14,5.8,126,495,2060,15,4.2,108,82,658,18,NA,NA,NA
1994,Los Angeles Raiders,16,303,4779,966,4.9,30,14,267,281,488,3267,22,16,6.1,158,428,1512,7,3.5,87,156,1186,22,NA,NA,NA
1994,Seattle Seahawks,16,287,4652,1018,4.6,28,19,285,253,498,2568,13,9,4.8,143,480,2084,16,4.3,114,114,898,28,NA,NA,NA
1994,Los Angeles Rams,16,286,4747,944,5,31,13,274,291,512,3358,23,18,6.1,163,397,1389,6,3.5,80,112,922,31,NA,NA,NA
1994,New York Giants,16,279,4316,976,4.4,25,7,263,226,405,2562,16,18,5.7,136,525,1754,12,3.3,103,92,818,24,NA,NA,NA
1994,Cincinnati Bengals,16,276,4792,990,4.8,41,22,267,289,542,3236,21,19,5.5,158,404,1556,5,3.9,84,90,618,25,NA,NA,NA
1994,Chicago Bears,16,271,4679,1014,4.6,26,10,274,308,502,3091,19,16,5.9,165,487,1588,10,3.3,88,65,503,21,NA,NA,NA
1994,New York Jets,16,264,4703,983,4.8,28,10,265,310,539,3137,18,18,5.5,164,416,1566,8,3.8,90,95,754,11,NA,NA,NA
1994,Tampa Bay Buccaneers,16,251,4754,951,5,23,7,276,271,491,3265,17,16,6.3,149,430,1489,8,3.5,104,93,805,23,NA,NA,NA
1994,Arizona Cardinals,16,235,4607,1052,4.4,29,10,287,287,538,3047,11,19,5.3,169,480,1560,12,3.3,90,128,1090,28,NA,NA,NA
1994,Tennessee Titans,16,226,4481,1036,4.3,42,25,278,274,554,2799,13,17,4.5,158,417,1682,10,4,97,115,959,23,NA,NA,NA
1995,San Francisco 49ers,16,457,6087,1092,5.6,28,12,355,432,644,4608,29,16,6.8,231,415,1479,19,3.6,109,88,711,15,NA,NA,NA
1995,Detroit Lions,16,436,6113,1024,6,25,13,349,362,605,4360,33,12,6.8,230,387,1753,16,4.5,91,134,1032,28,NA,NA,NA
1995,Dallas Cowboys,16,435,5824,1007,5.8,23,13,364,322,494,3623,18,10,7.1,195,495,2201,29,4.4,141,90,695,28,NA,NA,NA
1995,Minnesota Vikings,16,412,5938,1115,5.3,29,13,342,402,642,4205,33,16,6.2,223,433,1733,10,4,91,105,797,28,NA,NA,NA
1995,Pittsburgh Steelers,16,407,5769,1110,5.2,34,13,344,348,592,3917,21,21,6.4,193,494,1852,17,3.7,117,109,839,34,NA,NA,NA
1995,Green Bay Packers,16,404,5750,1036,5.6,21,6,339,372,593,4322,39,15,6.9,235,410,1428,9,3.5,84,85,604,20,NA,NA,NA
1995,Miami Dolphins,16,398,5716,1034,5.5,32,12,345,384,592,4210,28,20,6.8,225,413,1506,16,3.6,98,110,907,22,NA,NA,NA
1995,Chicago Bears,16,392,5673,1030,5.5,26,16,340,315,523,3743,29,10,7,201,492,1930,15,3.9,116,71,601,23,NA,NA,NA
1995,Denver Broncos,16,388,6040,1060,5.7,30,16,344,350,594,4045,27,14,6.5,205,440,1995,14,4.5,114,109,851,25,NA,NA,NA
1995,Seattle Seahawks,16,363,5270,1033,5.1,32,9,311,273,511,3092,19,23,5.6,171,477,2178,20,4.6,121,100,852,19,NA,NA,NA
1995,Atlanta Falcons,16,362,5579,983,5.7,21,9,317,364,603,4186,26,12,6.5,216,337,1393,8,4.1,85,96,737,16,NA,NA,NA
1995,Kansas City Chiefs,16,358,5242,1059,4.9,21,11,295,300,531,3020,21,10,5.5,164,507,2222,14,4.4,113,116,851,18,NA,NA,NA
1995,Buffalo Bills,16,350,5117,1059,4.8,26,12,300,279,506,3124,24,14,5.8,142,521,1993,10,3.8,130,89,672,28,NA,NA,NA
1995,Cincinnati Bengals,16,349,5192,975,5.3,32,14,288,334,586,3753,29,18,6.1,184,364,1439,7,4,76,103,835,28,NA,NA,NA
1995,Tennessee Titans,16,348,4905,1046,4.7,38,20,295,314,536,3241,22,18,5.7,157,478,1664,12,3.5,109,98,791,29,NA,NA,NA
1995,Oakland Raiders,16,348,5505,1042,5.3,34,13,317,317,543,3573,25,21,6.2,189,463,1932,10,4.2,104,134,1059,24,NA,NA,NA
1995,Indianapolis Colts,16,331,4919,961,5.1,22,11,281,270,434,3064,20,11,6.3,147,478,1855,14,3.9,110,97,943,24,NA,NA,NA
1995,Washington Redskins,16,326,5184,1026,5.1,30,10,297,265,521,3228,16,20,5.8,169,469,1956,15,4.2,105,78,563,23,NA,NA,NA
1995,Los Angeles Chargers,16,321,5213,1051,5,30,12,314,318,540,3466,17,18,6.1,185,479,1747,14,3.6,108,107,953,21,NA,NA,NA
1995,New Orleans Saints,16,319,5178,984,5.3,25,11,294,349,573,3788,26,14,6.3,202,383,1390,11,3.6,75,86,688,17,NA,NA,NA
1995,Philadelphia Eagles,16,318,4807,1050,4.6,36,17,290,284,496,2686,11,19,5,145,508,2121,19,4.2,126,112,838,19,NA,NA,NA
1995,Los Angeles Rams,16,309,5236,1067,4.9,39,16,292,366,632,3805,27,23,5.6,199,392,1431,5,3.7,77,117,916,16,NA,NA,NA
1995,New England Patriots,16,294,5457,1187,4.6,36,20,335,351,686,3591,14,16,5,207,474,1866,16,3.9,106,84,676,22,NA,NA,NA
1995,New York Giants,16,290,4483,1003,4.5,28,15,288,260,479,2650,11,13,5,150,478,1833,17,3.8,113,92,772,25,NA,NA,NA
1995,Cleveland Browns,16,289,5076,985,5.2,31,11,293,324,555,3594,21,20,6.1,189,398,1482,5,3.7,83,107,966,21,NA,NA,NA
1995,Carolina Panthers,16,289,4619,1029,4.5,41,16,250,263,537,3046,16,25,5.3,157,454,1573,10,3.5,74,94,683,19,NA,NA,NA
1995,Jacksonville Jaguars,16,275,4495,962,4.7,28,13,283,275,495,2790,19,15,5.1,154,410,1705,9,4.2,100,121,970,29,NA,NA,NA
1995,Arizona Cardinals,16,275,4866,1002,4.9,43,19,285,327,560,3503,17,24,5.7,184,387,1363,3,3.5,65,119,835,36,NA,NA,NA
1995,Tampa Bay Buccaneers,16,238,4542,961,4.7,34,14,283,267,507,2955,5,20,5.2,159,398,1587,19,4,101,113,882,23,NA,NA,NA
1995,New York Jets,16,233,4067,1001,4.1,42,18,254,330,589,2788,20,24,4.4,159,365,1279,2,3.5,78,121,1078,17,NA,NA,NA
1996,Green Bay Packers,16,456,5535,1053,5.3,24,11,338,328,548,3697,39,13,6.3,197,465,1838,9,4,118,92,714,23,NA,NA,NA
1996,New England Patriots,16,418,5369,1085,4.9,27,12,339,374,628,3901,27,15,5.9,206,427,1468,15,3.4,103,97,716,30,NA,NA,NA
1996,San Francisco 49ers,16,398,5506,1046,5.3,24,8,315,358,550,3659,24,16,6.2,188,454,1847,17,4.1,108,119,925,19,NA,NA,NA
1996,Denver Broncos,16,391,5791,1092,5.3,32,15,336,327,536,3429,26,17,6,180,525,2362,20,4.5,134,109,949,22,NA,NA,NA
1996,Cincinnati Bengals,16,372,5225,1088,4.8,25,9,332,316,563,3432,25,16,5.6,190,478,1793,14,3.8,114,90,678,28,NA,NA,NA
1996,Baltimore Ravens,16,371,5723,1024,5.6,33,13,338,335,570,3978,34,20,6.5,208,416,1745,10,4.2,108,94,818,22,NA,NA,NA
1996,Carolina Panthers,16,367,4812,1025,4.7,25,14,292,273,487,3083,22,11,5.9,160,502,1729,9,3.4,93,94,638,39,NA,NA,NA
1996,Washington Redskins,16,364,5229,960,5.4,18,7,307,270,471,3319,12,11,6.7,174,467,1910,27,4.1,106,95,740,27,NA,NA,NA
1996,Philadelphia Eagles,16,363,5627,1076,5.2,32,14,319,328,548,3745,19,18,6.4,196,489,1882,16,3.8,107,117,963,16,NA,NA,NA
1996,Tennessee Titans,16,345,5048,972,5.2,30,15,287,272,463,3098,22,15,6.2,157,475,1950,12,4.1,110,91,812,20,NA,NA,NA
1996,Pittsburgh Steelers,16,344,5140,1002,5.1,33,14,296,246,456,2841,15,19,6,146,525,2299,18,4.4,138,83,665,12,NA,NA,NA
1996,Oakland Raiders,16,340,5252,1034,5.1,31,12,306,311,533,3078,28,19,5.3,172,456,2174,7,4.8,98,156,1266,36,NA,NA,NA
1996,Miami Dolphins,16,339,5165,1000,5.2,24,13,294,300,504,3543,22,11,6.6,173,460,1622,14,3.5,92,111,852,29,NA,NA,NA
1996,Jacksonville Jaguars,16,325,5760,1038,5.5,30,10,325,353,557,4110,19,20,6.8,208,431,1650,13,3.8,90,127,1006,27,NA,NA,NA
1996,Buffalo Bills,16,319,5119,1094,4.7,37,13,294,279,483,3218,18,24,6.1,149,563,1901,14,3.4,128,106,831,17,NA,NA,NA
1996,Indianapolis Colts,16,317,4744,1000,4.7,24,13,288,311,537,3296,16,11,5.7,172,420,1448,9,3.4,89,76,615,27,NA,NA,NA
1996,Seattle Seahawks,16,317,5024,974,5.2,29,12,268,261,494,3027,14,17,5.7,147,442,1997,16,4.5,94,112,879,27,NA,NA,NA
1996,Los Angeles Chargers,16,310,4670,1022,4.6,32,11,272,314,577,3358,23,21,5.5,168,412,1312,7,3.2,80,110,969,24,NA,NA,NA
1996,Atlanta Falcons,16,309,5116,971,5.3,41,11,292,356,600,3655,26,30,5.7,202,329,1461,9,4.4,67,111,961,23,NA,NA,NA
1996,Los Angeles Rams,16,303,4372,986,4.4,44,21,255,249,481,2765,18,23,5.1,141,448,1607,10,3.6,93,133,1015,21,NA,NA,NA
1996,Detroit Lions,16,302,5013,976,5.1,26,5,317,309,541,3203,20,21,5.5,180,389,1810,15,4.7,105,108,863,32,NA,NA,NA
1996,Arizona Cardinals,16,300,5190,1050,4.9,35,14,308,336,613,3688,23,21,5.7,214,401,1502,8,3.7,70,106,873,24,NA,NA,NA
1996,Minnesota Vikings,16,298,5204,1030,5.1,32,13,284,331,561,3658,24,19,6.1,186,435,1546,7,3.6,75,106,835,23,NA,NA,NA
1996,Kansas City Chiefs,16,297,4899,1045,4.7,24,10,312,290,530,2890,18,14,5.2,168,488,2009,15,4.1,111,122,901,33,NA,NA,NA
1996,Dallas Cowboys,16,286,4763,981,4.9,29,15,286,307,487,3122,12,14,6.2,163,475,1641,14,3.5,105,103,832,18,NA,NA,NA
1996,Chicago Bears,16,283,4905,1046,4.7,27,9,300,318,551,3185,19,18,5.5,176,472,1720,9,3.6,104,103,808,20,NA,NA,NA
1996,New York Jets,16,279,5208,1077,4.8,46,16,319,339,629,3625,22,30,5.4,191,407,1583,8,3.9,94,110,819,34,NA,NA,NA
1996,New York Giants,16,242,3942,1000,3.9,34,13,248,238,459,2339,14,21,4.5,145,485,1603,4,3.3,82,85,666,21,NA,NA,NA
1996,New Orleans Saints,16,229,4206,923,4.6,37,20,232,295,515,2898,13,17,5.4,135,386,1308,10,3.4,77,114,853,20,NA,NA,NA
1996,Tampa Bay Buccaneers,16,221,4316,996,4.3,34,14,260,274,494,2727,12,20,5.2,152,472,1589,8,3.4,90,95,787,18,NA,NA,NA
1997,Denver Broncos,16,472,5872,1068,5.5,21,10,340,287,513,3494,27,11,6.4,172,520,2378,18,4.6,138,116,1006,30,NA,NA,NA
1997,Green Bay Packers,16,422,5614,1008,5.6,32,16,325,309,523,3705,35,16,6.7,191,459,1909,9,4.2,103,93,718,31,NA,NA,NA
1997,Jacksonville Jaguars,16,394,5424,998,5.4,20,11,308,313,504,3704,20,9,6.8,187,454,1720,20,3.8,103,110,914,18,NA,NA,NA
1997,Detroit Lions,16,379,5798,1028,5.6,28,11,304,304,540,3334,19,17,5.7,166,447,2464,19,5.5,120,94,866,18,NA,NA,NA
1997,San Francisco 49ers,16,375,5112,999,5.1,20,9,294,278,432,3143,20,11,6.6,167,523,1969,16,3.8,106,115,979,21,NA,NA,NA
1997,Kansas City Chiefs,16,375,5064,1054,4.8,20,10,315,281,493,2893,20,10,5.5,163,529,2171,15,4.1,129,121,1035,23,NA,NA,NA
1997,Pittsburgh Steelers,16,372,5542,1058,5.2,33,14,326,253,466,3063,22,19,6.3,157,572,2479,19,4.3,154,95,861,15,NA,NA,NA
1997,New England Patriots,16,369,5014,960,5.2,22,7,267,321,532,3550,31,15,6.3,173,398,1464,6,3.7,71,99,845,23,NA,NA,NA
1997,Seattle Seahawks,16,365,5759,1049,5.5,32,11,331,359,609,3959,26,21,6.1,207,404,1800,13,4.5,98,109,911,26,NA,NA,NA
1997,Cincinnati Bengals,16,355,5282,1002,5.3,22,13,310,302,504,3316,21,9,6,171,452,1966,23,4.3,104,98,877,35,NA,NA,NA
1997,Minnesota Vikings,16,354,5354,1022,5.2,22,6,293,319,540,3313,26,16,5.8,177,449,2041,14,4.5,96,97,800,20,NA,NA,NA
1997,New York Jets,16,348,4727,1043,4.5,22,12,291,319,564,3242,20,10,5.3,173,431,1485,10,3.4,97,83,678,21,NA,NA,NA
1997,Miami Dolphins,16,339,5135,1028,5,20,8,311,332,576,3792,16,12,6.3,199,430,1343,18,3.1,87,93,783,25,NA,NA,NA
1997,Tennessee Oilers,16,333,4919,993,5,26,13,288,220,420,2505,15,13,5.5,136,541,2414,17,4.5,130,103,814,22,NA,NA,NA
1997,Washington Redskins,16,327,4998,1033,4.8,29,7,300,283,547,3383,22,22,5.8,192,453,1615,12,3.6,86,78,639,22,NA,NA,NA
1997,Baltimore Ravens,16,326,5291,1043,5.1,33,17,292,338,586,3702,25,16,5.9,176,420,1589,7,3.8,99,101,777,17,NA,NA,NA
1997,Oakland Raiders,16,324,5102,947,5.4,24,14,263,294,529,3514,29,10,6,170,360,1588,9,4.4,74,117,976,19,NA,NA,NA
1997,Atlanta Falcons,16,320,4716,980,4.8,24,13,281,273,484,3073,26,11,5.7,168,442,1643,8,3.7,88,101,773,25,NA,NA,NA
1997,Philadelphia Eagles,16,317,5590,1116,5,32,16,326,330,587,3647,22,16,5.6,203,465,1943,11,4.2,105,104,866,18,NA,NA,NA
1997,Indianapolis Colts,16,313,4869,1035,4.7,28,11,301,317,523,3142,16,17,5.4,171,450,1727,10,3.8,109,106,880,21,NA,NA,NA
1997,New York Giants,16,307,4513,1027,4.4,19,7,273,249,474,2525,16,12,5,124,521,1988,14,3.8,113,116,1005,36,NA,NA,NA
1997,Dallas Cowboys,16,304,4778,1015,4.7,23,11,279,314,553,3141,19,12,5.3,170,423,1637,6,3.9,82,116,1058,27,NA,NA,NA
1997,Tampa Bay Buccaneers,16,299,4376,915,4.8,23,11,249,224,404,2442,21,12,5.6,134,479,1934,15,4,88,77,660,27,NA,NA,NA
1997,Los Angeles Rams,16,299,4761,1013,4.7,30,15,271,271,526,3198,14,15,5.6,161,443,1563,15,3.5,85,142,1065,25,NA,NA,NA
1997,Arizona Cardinals,16,283,4713,1075,4.4,42,20,295,317,602,3458,19,22,5.1,186,395,1255,9,3.2,79,93,775,30,NA,NA,NA
1997,Los Angeles Chargers,16,266,4505,1025,4.4,35,14,251,291,565,3089,12,21,5,160,409,1416,5,3.5,70,129,1101,21,NA,NA,NA
1997,Carolina Panthers,16,265,4615,1019,4.5,39,15,284,289,534,2845,17,24,4.9,170,441,1770,11,4,91,94,763,23,NA,NA,NA
1997,Chicago Bears,16,263,4990,1128,4.4,41,19,305,336,595,3244,14,22,5.1,188,490,1746,14,3.6,94,107,867,23,NA,NA,NA
1997,Buffalo Bills,16,255,4657,1014,4.6,42,17,268,293,546,2875,14,25,4.9,144,422,1782,12,4.2,98,92,742,26,NA,NA,NA
1997,New Orleans Saints,16,237,4045,925,4.4,55,22,229,228,458,2584,13,33,5.1,127,417,1461,9,3.5,78,101,811,24,NA,NA,NA
1998,Minnesota Vikings,16,556,6264,1008,6.2,20,4,335,327,533,4328,41,16,7.8,210,450,1936,17,4.3,98,116,1045,27,51.4,10.5,NA
1998,Denver Broncos,16,501,6092,1041,5.9,20,6,347,290,491,3624,32,14,7,186,525,2468,26,4.7,135,115,1023,26,41.7,9.9,NA
1998,San Francisco 49ers,16,479,6800,1100,6.2,30,15,381,347,556,4256,41,15,7,223,491,2544,19,5.2,129,133,1156,29,39.3,14.3,NA
1998,Atlanta Falcons,16,442,5487,993,5.5,24,9,319,237,424,3386,28,15,7.1,175,516,2101,18,4.1,111,116,841,33,35.5,13.5,NA
1998,New York Jets,16,416,5715,1057,5.4,24,11,338,318,532,3836,33,13,6.9,207,500,1879,12,3.8,99,85,651,32,38.3,12,NA
1998,Green Bay Packers,16,408,5636,1061,5.3,34,11,329,361,575,4110,33,23,6.7,210,447,1526,7,3.4,93,88,681,26,35.8,15.8,NA
1998,Buffalo Bills,16,400,5541,1033,5.4,20,6,319,269,461,3380,28,14,6.7,176,531,2161,13,4.1,115,123,993,28,39.2,10.8,NA
1998,Jacksonville Jaguars,16,392,5214,989,5.3,20,8,287,269,463,3112,24,12,6.2,153,487,2102,19,4.3,111,121,898,23,33,10.3,NA
1998,Dallas Cowboys,16,381,5450,992,5.5,15,7,308,279,474,3436,17,8,7,154,499,2014,21,4,125,128,1106,29,36.3,7,NA
1998,Seattle Seahawks,16,372,4626,940,4.9,34,16,267,273,480,3000,21,18,5.8,144,426,1626,11,3.8,92,117,914,31,27,16.9,NA
1998,New England Patriots,16,337,5140,999,5.1,24,7,281,295,556,3660,23,17,6.1,184,403,1480,9,3.7,68,108,853,29,34.1,12.8,NA
1998,Carolina Panthers,16,336,4780,966,4.9,35,17,261,292,507,3322,25,18,5.9,171,405,1458,11,3.6,68,113,931,22,29.3,18.9,NA
1998,Tennessee Oilers,16,330,5261,1016,5.2,19,9,308,305,519,3291,16,10,5.9,171,462,1970,12,4.3,118,126,1135,19,35,10.2,NA
1998,Kansas City Chiefs,16,327,4808,1012,4.8,32,14,289,305,543,3260,15,18,5.6,153,433,1548,19,3.6,103,158,1304,33,29.6,16.3,NA
1998,Arizona Cardinals,16,325,5109,1052,4.9,36,16,315,326,552,3482,17,20,5.8,179,450,1627,18,3.6,98,88,758,38,30.1,16.1,NA
1998,Miami Dolphins,16,321,4930,1028,4.8,28,12,269,316,546,3395,23,16,6,176,458,1535,10,3.4,73,106,864,20,27.4,13.7,NA
1998,Washington Redskins,16,319,5010,1027,4.9,29,15,295,304,565,3325,24,14,5.3,186,401,1685,15,4.2,84,112,975,25,24.7,13.6,NA
1998,Tampa Bay Buccaneers,16,314,4754,1000,4.8,31,13,262,234,449,2606,21,18,5.5,139,523,2148,12,4.1,111,99,840,12,28.2,16,NA
1998,Indianapolis Colts,16,310,5116,982,5.2,33,5,298,326,576,3630,26,28,6.1,190,384,1486,7,3.9,77,106,853,31,31.4,16.9,NA
1998,Detroit Lions,16,306,5085,975,5.2,25,12,278,274,489,3130,17,13,5.9,160,441,1955,12,4.4,94,121,1019,24,32.2,12.2,NA
1998,New Orleans Saints,16,305,4463,966,4.6,33,14,258,278,535,3138,19,19,5.3,165,374,1325,6,3.5,67,121,928,26,23.1,16.7,NA
1998,Oakland Raiders,16,288,4815,1035,4.7,43,18,273,282,519,3088,21,25,5.3,156,449,1727,6,3.8,89,127,986,28,20.8,16.8,NA
1998,New York Giants,16,287,4455,1016,4.4,24,9,263,265,507,2566,18,15,4.7,129,474,1889,10,4,104,124,946,30,25.8,12.9,NA
1998,Los Angeles Rams,16,285,4472,998,4.5,33,15,281,314,556,3087,12,18,5.1,164,395,1385,17,3.5,81,111,945,36,25.9,15.1,NA
1998,Chicago Bears,16,276,4766,979,4.9,34,21,264,284,494,3053,16,13,5.8,154,454,1713,9,3.8,89,86,714,21,24.3,17.8,NA
1998,Baltimore Ravens,16,269,4498,926,4.9,30,15,243,272,477,2869,16,15,5.5,140,408,1629,7,4,86,113,909,17,23.8,14.9,NA
1998,Cincinnati Bengals,16,268,4824,979,4.9,22,10,271,307,521,3185,20,12,5.5,148,405,1639,7,4,92,69,620,31,25.8,10.1,NA
1998,Pittsburgh Steelers,16,263,4586,1014,4.5,32,12,268,274,489,2552,13,20,4.9,135,490,2034,8,4.2,106,79,691,27,24.3,13.3,NA
1998,Los Angeles Chargers,16,241,4592,1063,4.3,51,17,272,261,566,2864,11,34,4.7,146,460,1728,11,3.8,95,137,1229,31,23.4,22.8,NA
1998,Philadelphia Eagles,16,161,4188,1017,4.1,26,8,259,282,534,2413,7,18,4.1,141,427,1775,10,4.2,86,102,852,32,16.4,12.7,NA
1999,Los Angeles Rams,16,526,6412,994,6.5,31,16,335,343,530,4353,42,15,7.7,207,431,2059,13,4.8,102,113,889,26,39.9,15.4,NA
1999,Washington Redskins,16,443,5965,1031,5.8,25,11,338,324,537,3926,26,14,6.9,183,463,2039,23,4.4,121,104,808,34,35.1,11.4,NA
1999,Indianapolis Colts,16,423,5726,979,5.8,28,11,327,338,546,4066,26,17,7.3,200,419,1660,15,4,89,81,683,38,40.9,15.1,NA
1999,Carolina Panthers,16,421,5686,982,5.8,34,19,307,345,575,4161,36,15,6.6,208,356,1525,12,4.3,78,106,857,21,38,15.1,NA
1999,Minnesota Vikings,16,399,5793,995,5.8,40,19,324,316,530,3989,32,21,7,192,422,1804,13,4.3,96,114,955,36,34.4,18.8,NA
1999,Jacksonville Jaguars,16,396,5586,1085,5.1,18,7,331,320,535,3495,16,11,6.1,194,514,2091,20,4.1,116,90,755,21,35.6,9,NA
1999,Tennessee Titans,16,392,5296,1011,5.2,22,9,294,304,527,3485,23,13,6.3,167,459,1811,19,3.9,109,114,1069,18,31.3,10.9,NA
1999,Kansas City Chiefs,16,390,5321,1049,5.1,24,9,282,295,502,3239,22,15,6.1,164,521,2082,14,4,108,126,982,10,27.1,11,NA
1999,Oakland Raiders,16,390,5693,1057,5.4,29,15,326,306,520,3609,24,14,6.3,196,488,2084,18,4.3,110,98,825,20,34.5,12.9,NA
1999,Green Bay Packers,16,357,5419,1027,5.3,36,13,314,344,605,3900,23,23,6.1,196,386,1519,13,3.9,87,100,808,31,31.6,18.1,NA
1999,Dallas Cowboys,16,352,5178,1024,5.1,23,10,295,295,507,3127,20,13,5.9,139,493,2051,16,4.2,129,136,1196,27,27.6,11.7,NA
1999,Seattle Seahawks,16,338,4805,971,4.9,33,17,276,288,525,3397,25,16,6,179,408,1408,5,3.5,65,98,883,32,32.7,15.3,NA
1999,Miami Dolphins,16,326,4938,1071,4.6,34,13,287,329,589,3485,20,21,5.6,188,445,1453,8,3.3,81,111,936,18,32.4,15.5,NA
1999,Baltimore Ravens,16,324,4778,1033,4.6,31,11,259,270,546,3024,21,20,5,148,431,1754,9,4.1,87,125,1010,24,26.7,13.8,NA
1999,Detroit Lions,16,322,4931,978,5,22,8,269,326,558,3686,22,14,5.9,179,356,1245,8,3.5,67,110,995,23,29.2,10.4,NA
1999,Buffalo Bills,16,320,5333,1059,5,27,11,313,290,513,3293,21,16,6.1,173,519,2040,12,3.9,117,97,789,23,30.5,14.2,NA
1999,Pittsburgh Steelers,16,317,4874,1067,4.6,25,7,295,301,535,2883,19,18,5,159,495,1991,14,4,111,119,945,25,29,12,NA
1999,Denver Broncos,16,314,5283,1053,5,28,10,308,319,554,3419,16,18,5.8,168,465,1864,13,4,107,114,872,33,29.9,13.9,NA
1999,New York Jets,16,308,4752,999,4.8,22,6,268,272,476,2791,22,16,5.4,139,486,1961,7,4,111,87,771,18,29.3,10.5,NA
1999,New England Patriots,16,299,5062,1021,5,33,12,280,305,540,3636,19,21,6.1,184,425,1426,9,3.4,72,95,812,24,26.2,15.5,NA
1999,New York Giants,16,299,5127,1075,4.8,32,12,308,350,602,3719,17,20,5.8,197,431,1408,11,3.3,87,98,906,24,26.8,16.2,NA
1999,San Francisco 49ers,16,295,5380,1012,5.3,32,13,300,324,560,3285,14,19,5.5,172,418,2095,14,5,102,120,1045,26,26.9,15.9,NA
1999,Atlanta Falcons,16,285,4542,931,4.9,35,16,273,278,509,3346,22,19,6,179,373,1196,9,3.2,68,110,968,26,25,17.4,NA
1999,Cincinnati Bengals,16,283,5277,1039,5.1,32,14,293,300,548,3226,18,18,5.4,161,442,2051,11,4.6,111,126,1027,21,24.4,13.5,NA
1999,Philadelphia Eagles,16,272,3830,947,4,39,21,218,235,474,2084,18,18,4,123,424,1746,5,4.1,76,102,905,19,21.5,17.1,NA
1999,Chicago Bears,16,272,5523,1118,4.9,37,15,302,404,684,4136,25,22,5.7,203,396,1387,4,3.5,82,117,915,17,23.4,17.6,NA
1999,Tampa Bay Buccaneers,16,270,4254,991,4.3,35,19,245,268,447,2478,18,16,5.1,132,502,1776,7,3.5,97,75,583,16,25.2,16,NA
1999,Los Angeles Chargers,16,269,4589,1039,4.4,35,11,262,332,583,3343,12,24,5.3,171,410,1246,10,3,69,104,823,22,27,17.3,NA
1999,New Orleans Saints,16,260,4983,1055,4.7,39,9,288,288,553,3293,16,30,5.5,159,461,1690,9,3.7,97,110,877,32,24.3,18.8,NA
1999,Arizona Cardinals,16,245,4010,999,4,40,10,254,287,558,2803,11,30,4.6,150,396,1207,13,3,77,70,481,27,20.8,18.8,NA
1999,Cleveland Browns,16,217,3762,865,4.3,31,16,220,271,492,2612,19,15,4.7,134,313,1150,9,3.7,64,92,714,22,19.6,12.5,NA
2000,Los Angeles Rams,16,540,7075,1014,7,35,12,380,380,587,5232,37,23,8.3,247,383,1843,26,4.8,112,111,942,21,46.8,16.7,193.69
2000,Denver Broncos,16,485,6554,1115,5.9,25,13,383,354,569,4243,28,12,7.1,223,516,2311,21,4.5,124,89,792,36,38.3,11.7,104.59
2000,Oakland Raiders,16,479,5776,1023,5.6,20,9,337,284,475,3306,28,11,6.6,177,520,2470,23,4.8,128,118,940,32,39.2,10.6,80.38
2000,Indianapolis Colts,16,429,6141,1026,6,29,14,357,357,571,4282,33,15,7.2,213,435,1859,14,4.3,111,89,866,33,40.4,15.2,137.02
2000,Minnesota Vikings,16,397,5961,958,6.2,28,10,319,307,495,3832,33,18,7.2,193,428,2129,14,5,107,106,908,19,39.7,14.9,115.05
2000,San Francisco 49ers,16,388,6040,1024,5.9,19,9,334,366,583,4239,32,10,7,211,416,1801,15,4.3,98,134,1135,25,34.3,10.5,114.25
2000,Tampa Bay Buccaneers,16,388,4649,961,4.8,24,11,275,237,433,2583,18,13,5.5,144,490,2066,18,4.2,111,82,702,20,32.7,10.2,-51.6
2000,Jacksonville Jaguars,16,367,5690,1080,5.3,29,14,318,333,545,3658,22,15,6.1,193,481,2032,18,4.2,109,95,703,16,34.8,13.6,2.29
2000,Kansas City Chiefs,16,355,5614,999,5.6,26,11,321,342,582,4149,29,15,6.7,207,383,1465,12,3.8,84,118,848,30,30.5,13.2,19.38
2000,New Orleans Saints,16,354,5397,1041,5.2,26,11,312,298,497,3329,22,15,6.2,169,505,2068,14,4.1,117,124,1024,26,32.4,12.6,35.12
2000,Green Bay Packers,16,353,5321,1038,5.1,33,17,315,348,600,3678,21,16,5.8,197,404,1643,13,4.1,88,88,685,30,34.2,15.8,-18.42
2000,Philadelphia Eagles,16,351,5006,1017,4.9,29,14,295,331,575,3124,21,15,5,182,397,1882,13,4.7,88,113,980,25,33.3,13.8,-54.16
2000,Tennessee Titans,16,346,5350,1036,5.2,30,14,299,286,462,3266,18,16,6.7,167,547,2084,14,3.8,107,107,870,25,30.4,14.9,-48.66
2000,Baltimore Ravens,16,333,5014,1058,4.7,26,7,288,287,504,2815,20,19,5.1,156,511,2199,9,4.3,116,95,730,16,32.8,12.8,-117.72
2000,New York Giants,16,328,5376,1064,5.1,24,11,310,311,529,3367,22,13,6,195,507,2009,16,4,100,91,839,15,29.7,12,-23.57
2000,Miami Dolphins,16,323,4461,945,4.7,26,9,251,243,421,2567,15,17,5.7,122,496,1894,16,3.8,104,115,920,25,30.6,13,-86.87
2000,Pittsburgh Steelers,16,321,4766,1009,4.7,21,11,283,217,439,2518,12,10,5.2,128,527,2248,19,4.3,124,81,667,31,29.5,9.5,-37
2000,New York Jets,16,321,5395,1075,5,40,11,308,352,637,3924,23,29,6,192,418,1471,11,3.5,84,76,626,32,27.8,19,-83.24
2000,Seattle Seahawks,16,320,4680,956,4.9,38,17,281,308,507,2960,21,21,5.4,168,403,1720,10,4.3,98,89,728,15,28.9,18.9,-72.3
2000,Buffalo Bills,16,315,5498,1080,5.1,23,13,309,312,546,3576,20,10,5.9,174,475,1922,11,4,111,101,913,24,29,10.5,-19.76
2000,Carolina Panthers,16,310,4654,998,4.7,35,16,304,340,566,3468,19,19,5.5,201,363,1186,7,3.3,63,84,683,40,32.4,18.2,-65.61
2000,Detroit Lions,16,307,4422,1004,4.4,31,12,264,277,503,2675,14,19,4.8,143,448,1747,15,3.9,101,106,805,20,26.5,14.2,-135.17
2000,Dallas Cowboys,16,294,4475,943,4.7,39,18,276,255,445,2522,14,21,5.3,128,463,1953,15,4.2,116,108,963,32,29,19.9,-91.99
2000,Washington Redskins,16,281,5396,1038,5.2,33,12,308,343,561,3648,18,21,6.2,185,445,1748,14,3.9,98,115,1009,25,27.1,15.6,-39.65
2000,New England Patriots,16,276,4571,1037,4.4,25,10,283,328,565,3181,18,15,5.2,172,424,1390,9,3.3,80,99,815,31,27.7,12.8,-101.45
2000,Los Angeles Chargers,16,269,4300,982,4.4,50,20,251,311,578,3238,19,30,5.1,156,351,1062,7,3,63,121,1036,32,21.4,23.3,-200.6
2000,Atlanta Falcons,16,252,3994,925,4.3,34,14,256,285,514,2780,14,20,4.8,156,350,1214,6,3.5,65,97,720,35,24.6,16.9,-167.37
2000,Chicago Bears,16,216,4541,993,4.6,29,13,239,304,542,2805,12,16,4.9,143,417,1736,6,4.2,89,90,696,7,20.1,14.4,-162.57
2000,Arizona Cardinals,16,210,4528,932,4.9,44,20,253,316,554,3250,16,24,5.5,156,343,1278,6,3.7,71,96,785,26,21.6,22.2,-137.22
2000,Cincinnati Bengals,16,185,4260,1001,4.3,35,21,254,207,454,1946,6,14,3.8,109,495,2314,13,4.7,119,99,878,26,16.4,15.3,-171.64
2000,Cleveland Browns,16,161,3530,859,4.1,28,9,176,278,483,2445,9,19,4.7,110,336,1085,7,3.2,53,103,925,13,15.8,13.7,-224.59
